"ContestOrder","Contest","Contest ID","Choice Order","Choice","BallotsWith Contest","Votes","Overvoted WithVote for this Choice","Undervoted WithoutVote for this Choice","Ballots WithVotes for Others","Double Voted WithVote for this Choice","Total Ovalsfor this Choice"
"2.00","President and Vice President (VGNone) (Vote for 1)","39","70","Kamala D Harris/Tim Walz","418,947","325927","78","4,570","88,372","0","418,947"
"2.00","President and Vice President (VGNone) (Vote for 1)","39","50","Donald J Trump/JD Vance","418,947","70759","65","4,570","343,553","0","418,947"
"2.00","President and Vice President (VGNone) (Vote for 1)","39","60","Jill Stein/Rudolph Ware","418,947","6297","26","4,570","408,054","0","418,947"
"2.00","President and Vice President (VGNone) (Vote for 1)","39","10","Robert F Kennedy Jr/Nicole Shanahan","418,947","4054","76","4,570","410,247","0","418,947"
"2.00","President and Vice President (VGNone) (Vote for 1)","39","80","Write-in","418,947","3169","14","4,570","411,194","0","418,947"
"2.00","President and Vice President (VGNone) (Vote for 1)","39","20","Cornel West","418,947","2492","26","4,570","411,859","0","418,947"
"2.00","President and Vice President (VGNone) (Vote for 1)","39","30","Chase Oliver/Mike ter Maat","418,947","1342","25","4,570","413,010","0","418,947"
"2.00","President and Vice President (VGNone) (Vote for 1)","39","40","Randall Terry","418,947","210","25","4,570","414,142","0","418,947"
"4.00","US Representative, 1st District (VGNone) (Vote for 1)","66","80","Suzanne Bonamici","96,274","81473","10","4,201","10,590","0","96,274"
"4.00","US Representative, 1st District (VGNone) (Vote for 1)","66","90","Bob Todd","96,274","8436","6","4,201","83,631","0","96,274"
"4.00","US Representative, 1st District (VGNone) (Vote for 1)","66","100","Joe Christman","96,274","1970","8","4,201","90,095","0","96,274"
"4.00","US Representative, 1st District (VGNone) (Vote for 1)","66","110","Write-in","96,274","182","1","4,201","91,890","0","96,274"
"6.00","US Representative, 3rd District (VGNone) (Vote for 1)","67","150","Maxine E Dexter","293,026","200887","56","16,550","75,533","0","293,026"
"6.00","US Representative, 3rd District (VGNone) (Vote for 1)","67","140","Joanna Harbour","293,026","55179","42","16,550","221,255","0","293,026"
"6.00","US Representative, 3rd District (VGNone) (Vote for 1)","67","120","Joe Meyer","293,026","9159","31","16,550","267,286","0","293,026"
"6.00","US Representative, 3rd District (VGNone) (Vote for 1)","67","110","David W Walker","293,026","8635","60","16,550","267,781","0","293,026"
"6.00","US Representative, 3rd District (VGNone) (Vote for 1)","67","130","David K Frosch","293,026","1810","23","16,550","274,643","0","293,026"
"6.00","US Representative, 3rd District (VGNone) (Vote for 1)","67","160","Write-in","293,026","713","2","16,550","275,761","0","293,026"
"8.00","US Representative, 5th District (VGNone) (Vote for 1)","68","160","Janelle S Bynum","29,647","21982","5","1,021","6,639","0","29,647"
"8.00","US Representative, 5th District (VGNone) (Vote for 1)","68","180","Lori Chavez-DeRemer","29,647","4916","2","1,021","23,708","0","29,647"
"8.00","US Representative, 5th District (VGNone) (Vote for 1)","68","200","Brett Smith","29,647","897","2","1,021","27,727","0","29,647"
"8.00","US Representative, 5th District (VGNone) (Vote for 1)","68","170","Andrea Thorn Townsend","29,647","440","1","1,021","28,185","0","29,647"
"8.00","US Representative, 5th District (VGNone) (Vote for 1)","68","190","Sonja Feintech","29,647","351","0","1,021","28,275","0","29,647"
"8.00","US Representative, 5th District (VGNone) (Vote for 1)","68","210","Write-in","29,647","35","0","1,021","28,591","0","29,647"
"10.00","Secretary of State (VGNone) (Vote for 1)","43","230","Tobias Read","416,874","304602","32","22,016","90,224","0","416,874"
"10.00","Secretary of State (VGNone) (Vote for 1)","43","220","Dennis Linthicum","416,874","70473","20","22,016","324,365","0","416,874"
"10.00","Secretary of State (VGNone) (Vote for 1)","43","210","Nathalie Paravicini","416,874","19358","28","22,016","375,472","0","416,874"
"10.00","Secretary of State (VGNone) (Vote for 1)","43","240","Write-in","416,874","387","3","22,016","394,468","0","416,874"
"12.00","State Treasurer (VGNone) (Vote for 1)","65","260","Elizabeth Steiner","416,874","280952","35","24,444","111,443","0","416,874"
"12.00","State Treasurer (VGNone) (Vote for 1)","65","250","Brian J Boquist","416,874","73258","18","24,444","319,154","0","416,874"
"12.00","State Treasurer (VGNone) (Vote for 1)","65","240","Mary King","416,874","37797","33","24,444","354,600","0","416,874"
"12.00","State Treasurer (VGNone) (Vote for 1)","65","270","Write-in","416,874","383","1","24,444","392,046","0","416,874"
"14.00","Attorney General (VGNone) (Vote for 1)","1","280","Dan Rayfield","416,874","309113","20","24,168","83,573","0","416,874"
"14.00","Attorney General (VGNone) (Vote for 1)","1","270","Will Lathrop","416,874","82932","21","24,168","309,753","0","416,874"
"14.00","Attorney General (VGNone) (Vote for 1)","1","290","Write-in","416,874","640","1","24,168","392,065","0","416,874"
"16.00","State Senator, 14th District (VGNone) (Vote for 1)","60","300","Kate Lieber","32,287","26318","4","3,081","2,884","0","32,287"
"16.00","State Senator, 14th District (VGNone) (Vote for 1)","60","290","Katy Brumbelow","32,287","2743","3","3,081","26,460","0","32,287"
"16.00","State Senator, 14th District (VGNone) (Vote for 1)","60","310","Write-in","32,287","141","1","3,081","29,064","0","32,287"
"18.00","State Senator, 21st District (VGNone) (Vote for 1)","61","310","Kathleen Taylor","64,760","43990","0","20,085","685","0","64,760"
"18.00","State Senator, 21st District (VGNone) (Vote for 1)","61","320","Write-in","64,760","685","0","20,085","43,990","0","64,760"
"20.00","State Senator, 22nd District (VGNone) (Vote for 1)","62","320","Lew Frederick","78,990","66859","5","5,139","6,987","0","78,990"
"20.00","State Senator, 22nd District (VGNone) (Vote for 1)","62","330","Michael Saperstein","78,990","6838","5","5,139","67,008","0","78,990"
"20.00","State Senator, 22nd District (VGNone) (Vote for 1)","62","340","Write-in","78,990","149","0","5,139","73,702","0","78,990"
"22.00","State Senator, 23rd District (VGNone) (Vote for 1)","63","340","Khanh Pham","74,481","54001","0","19,108","1,372","0","74,481"
"22.00","State Senator, 23rd District (VGNone) (Vote for 1)","63","350","Write-in","74,481","1372","0","19,108","54,001","0","74,481"
"24.00","State Senator, 25th District (VGNone) (Vote for 1)","64","350","Chris Gorsek","56,350","29253","10","4,021","23,066","0","56,350"
"24.00","State Senator, 25th District (VGNone) (Vote for 1)","64","360","Raymond E Love","56,350","22936","10","4,021","29,383","0","56,350"
"24.00","State Senator, 25th District (VGNone) (Vote for 1)","64","370","Write-in","56,350","130","0","4,021","52,199","0","56,350"
"26.00","State Representative, 28th District (VGNone) (Vote for 1)","44","370","Dacia Grayber","32,287","26406","3","2,261","3,617","0","32,287"
"26.00","State Representative, 28th District (VGNone) (Vote for 1)","44","380","Charles (Chick) Mengis","32,287","3568","3","2,261","26,455","0","32,287"
"26.00","State Representative, 28th District (VGNone) (Vote for 1)","44","390","Write-in","32,287","49","0","2,261","29,977","0","32,287"
"28.00","State Representative, 31st District (VGNone) (Vote for 1)","45","390","Jordan Gutierrez","1,867","936","0","179","752","0","1,867"
"28.00","State Representative, 31st District (VGNone) (Vote for 1)","45","400","Darcey Edwards","1,867","675","0","179","1,013","0","1,867"
"28.00","State Representative, 31st District (VGNone) (Vote for 1)","45","410","Robert Miller","1,867","62","0","179","1,626","0","1,867"
"28.00","State Representative, 31st District (VGNone) (Vote for 1)","45","420","Write-in","1,867","15","0","179","1,673","0","1,867"
"30.00","State Representative, 33rd District (VGNone) (Vote for 1)","46","440","Shannon Jones Isadore","35,071","27455","2","2,521","5,093","0","35,071"
"30.00","State Representative, 33rd District (VGNone) (Vote for 1)","46","420","Stan Baumhofer","35,071","3845","3","2,521","28,702","0","35,071"
"30.00","State Representative, 33rd District (VGNone) (Vote for 1)","46","430","Thomas J Busse","35,071","1190","1","2,521","31,359","0","35,071"
"30.00","State Representative, 33rd District (VGNone) (Vote for 1)","46","450","Write-in","35,071","57","0","2,521","32,493","0","35,071"
"32.00","State Representative, 34th District (VGNone) (Vote for 1)","47","460","Lisa Reynolds","809","612","0","58","139","0","809"
"32.00","State Representative, 34th District (VGNone) (Vote for 1)","47","450","John Verbeek","809","138","0","58","613","0","809"
"32.00","State Representative, 34th District (VGNone) (Vote for 1)","47","470","Write-in","809","1","0","58","750","0","809"
"34.00","State Representative, 38th District (VGNone) (Vote for 1)","48","470","Daniel Nguyen","19,657","14405","0","5,023","229","0","19,657"
"34.00","State Representative, 38th District (VGNone) (Vote for 1)","48","480","Write-in","19,657","229","0","5,023","14,405","0","19,657"
"36.00","State Representative, 41st District (VGNone) (Vote for 1)","49","480","Mark F Gamba","20,677","17124","1","1,426","2,126","0","20,677"
"36.00","State Representative, 41st District (VGNone) (Vote for 1)","49","490","Elvis Clark","20,677","2105","1","1,426","17,145","0","20,677"
"36.00","State Representative, 41st District (VGNone) (Vote for 1)","49","500","Write-in","20,677","21","0","1,426","19,230","0","20,677"
"38.00","State Representative, 42nd District (VGNone) (Vote for 1)","50","500","Rob Nosse","44,083","32941","0","10,651","491","0","44,083"
"38.00","State Representative, 42nd District (VGNone) (Vote for 1)","50","510","Write-in","44,083","491","0","10,651","32,941","0","44,083"
"40.00","State Representative, 43rd District (VGNone) (Vote for 1)","51","520","Tawna Sanchez","42,810","37084","2","2,549","3,175","0","42,810"
"40.00","State Representative, 43rd District (VGNone) (Vote for 1)","51","510","Tim LeMaster","42,810","3078","2","2,549","37,181","0","42,810"
"40.00","State Representative, 43rd District (VGNone) (Vote for 1)","51","530","Write-in","42,810","97","0","2,549","40,164","0","42,810"
"42.00","State Representative, 44th District (VGNone) (Vote for 1)","52","530","Travis Nelson","36,180","27281","0","8,425","474","0","36,180"
"42.00","State Representative, 44th District (VGNone) (Vote for 1)","52","540","Write-in","36,180","474","0","8,425","27,281","0","36,180"
"44.00","State Representative, 45th District (VGNone) (Vote for 1)","53","540","Thuy Tran","39,770","29118","0","10,070","582","0","39,770"
"44.00","State Representative, 45th District (VGNone) (Vote for 1)","53","550","Write-in","39,770","582","0","10,070","29,118","0","39,770"
"46.00","State Representative, 46th District (VGNone) (Vote for 1)","54","570","Willy Chotzen","34,711","25542","3","2,400","6,766","0","34,711"
"46.00","State Representative, 46th District (VGNone) (Vote for 1)","54","550","John Mark Alexander","34,711","4414","1","2,400","27,896","0","34,711"
"46.00","State Representative, 46th District (VGNone) (Vote for 1)","54","560","Kevin Levy","34,711","1252","3","2,400","31,056","0","34,711"
"46.00","State Representative, 46th District (VGNone) (Vote for 1)","54","580","Austin Daniel","34,711","1040","2","2,400","31,269","0","34,711"
"46.00","State Representative, 46th District (VGNone) (Vote for 1)","54","590","Write-in","34,711","58","1","2,400","32,252","0","34,711"
"48.00","State Representative, 47th District (VGNone) (Vote for 1)","55","590","Andrea Valderrama","26,743","16754","1","9,204","784","0","26,743"
"48.00","State Representative, 47th District (VGNone) (Vote for 1)","55","600","Write-in","26,743","784","1","9,204","16,754","0","26,743"
"50.00","State Representative, 48th District (VGNone) (Vote for 1)","56","600","Hoa H Nguyen","19,326","10898","5","1,383","7,040","0","19,326"
"50.00","State Representative, 48th District (VGNone) (Vote for 1)","56","610","John Masterman","19,326","6982","6","1,383","10,955","0","19,326"
"50.00","State Representative, 48th District (VGNone) (Vote for 1)","56","620","Write-in","19,326","57","1","1,383","17,885","0","19,326"
"52.00","State Representative, 49th District (VGNone) (Vote for 1)","57","630","Zach Hudson","26,762","13784","4","2,065","10,909","0","26,762"
"52.00","State Representative, 49th District (VGNone) (Vote for 1)","57","620","Terry A Tipsord","26,762","10838","4","2,065","13,855","0","26,762"
"52.00","State Representative, 49th District (VGNone) (Vote for 1)","57","640","Write-in","26,762","71","0","2,065","24,626","0","26,762"
"54.00","State Representative, 50th District (VGNone) (Vote for 1)","58","640","Ricki Ruiz","29,588","15014","2","2,057","12,515","0","29,588"
"54.00","State Representative, 50th District (VGNone) (Vote for 1)","58","650","Paul Drechsler","29,588","12448","2","2,057","15,081","0","29,588"
"54.00","State Representative, 50th District (VGNone) (Vote for 1)","58","660","Write-in","29,588","67","0","2,057","27,464","0","29,588"
"56.00","State Representative, 52nd District (VGNone) (Vote for 1)","59","670","Jeff Helfrich","6,533","3594","0","473","2,466","0","6,533"
"56.00","State Representative, 52nd District (VGNone) (Vote for 1)","59","660","Nick Walden Poublon","6,533","2456","0","473","3,604","0","6,533"
"56.00","State Representative, 52nd District (VGNone) (Vote for 1)","59","680","Write-in","6,533","10","0","473","6,050","0","6,533"
"58.00","Judge of the Supreme Court, Position 1 (Vote for 1)","30","680","Stephen K Bushong","416,874","229660","4","182,214","4,996","0","416,874"
"58.00","Judge of the Supreme Court, Position 1 (Vote for 1)","30","690","Write-in","416,874","4996","4","182,214","229,660","0","416,874"
"60.00","Judge of the Supreme Court, Position 7 (Vote for 1)","31","690","Bronson D James","416,874","227451","3","184,755","4,665","0","416,874"
"60.00","Judge of the Supreme Court, Position 7 (Vote for 1)","31","700","Write-in","416,874","4665","3","184,755","227,451","0","416,874"
"62.00","Judge of the Circuit Court, 4th District, Position 38 (Vote for 1)","29","700","Jeff Auxier","416,874","110776","64","154,047","151,987","0","416,874"
"62.00","Judge of the Circuit Court, 4th District, Position 38 (Vote for 1)","29","710","Rachel Philips","416,874","64244","51","154,047","198,532","0","416,874"
"62.00","Judge of the Circuit Court, 4th District, Position 38 (Vote for 1)","29","720","Jennifer L Myrick","416,874","48458","55","154,047","214,314","0","416,874"
"62.00","Judge of the Circuit Court, 4th District, Position 38 (Vote for 1)","29","740","Tom Dwyer","416,874","18598","51","154,047","244,178","0","416,874"
"62.00","Judge of the Circuit Court, 4th District, Position 38 (Vote for 1)","29","730","John Schlosser","416,874","17075","41","154,047","245,711","0","416,874"
"62.00","Judge of the Circuit Court, 4th District, Position 38 (Vote for 1)","29","750","Write-in","416,874","3572","5","154,047","259,250","0","416,874"
"64.00","Judge of the Circuit Court, 4th District, Position 20 (Vote for 1)","26","750","Bryan B Francesconi","416,874","219005","3","193,615","4,251","0","416,874"
"64.00","Judge of the Circuit Court, 4th District, Position 20 (Vote for 1)","26","760","Write-in","416,874","4251","3","193,615","219,005","0","416,874"
"66.00","Judge of the Circuit Court, 4th District, Position 21 (Vote for 1)","27","760","Rima Ghandour","416,874","222041","2","190,459","4,372","0","416,874"
"66.00","Judge of the Circuit Court, 4th District, Position 21 (Vote for 1)","27","770","Write-in","416,874","4372","2","190,459","222,041","0","416,874"
"68.00","Judge of the Circuit Court, 4th District, Position 33 (Vote for 1)","28","770","Pamela L Haan","416,874","220361","0","192,400","4,113","0","416,874"
"68.00","Judge of the Circuit Court, 4th District, Position 33 (Vote for 1)","28","780","Write-in","416,874","4113","0","192,400","220,361","0","416,874"
"70.00","Multnomah County Commissioner, District 1 (Vote for 1)","32","780","Meghan Moyer","120,221","55431","10","28,631","36,149","0","120,221"
"70.00","Multnomah County Commissioner, District 1 (Vote for 1)","32","790","Vadim Mozyrsky","120,221","35774","10","28,631","55,806","0","120,221"
"70.00","Multnomah County Commissioner, District 1 (Vote for 1)","32","800","Write-in","120,221","375","0","28,631","91,215","0","120,221"
"72.00","Multnomah County Commissioner, District 2 (Vote for 1)","33","810","Shannon Singleton","114,176","55467","28","17,337","41,344","0","114,176"
"72.00","Multnomah County Commissioner, District 2 (Vote for 1)","33","800","Sam Adams","114,176","40802","26","17,337","56,011","0","114,176"
"72.00","Multnomah County Commissioner, District 2 (Vote for 1)","33","820","Write-in","114,176","542","3","17,337","96,294","0","114,176"
"74.00","City of Lake Oswego, Mayor (Vote for 1)","10","820","Joe Buck","1,830","1294","0","505","31","0","1,830"
"74.00","City of Lake Oswego, Mayor (Vote for 1)","10","830","Write-in","1,830","31","0","505","1,294","0","1,830"
"76.00","City of Lake Oswego, Councilor (Vote for 3)","9","830","Rachel Verdick","1,830","1077","0","741","12","0","1,830"
"76.00","City of Lake Oswego, Councilor (Vote for 3)","9","840","Massene Mboup","1,830","1017","0","800","13","0","1,830"
"76.00","City of Lake Oswego, Councilor (Vote for 3)","9","850","Aaron Rapf","1,830","925","0","894","11","0","1,830"
"76.00","City of Lake Oswego, Councilor (Vote for 3)","9","860","Write-in","1,830","36","0","919","875","0","1,830"
"76.00","City of Lake Oswego, Councilor (Vote for 3)","9","870","Write-in","1,830","10","0","929","891","0","1,830"
"76.00","City of Lake Oswego, Councilor (Vote for 3)","9","880","Write-in","1,830","4","0","931","895","0","1,830"
"78.00","City of Milwaukie, Councilor, Position 1 (Vote for 1)","12","860","Adam Khosroabadi","0","0","0","0","0","0","0"
"78.00","City of Milwaukie, Councilor, Position 1 (Vote for 1)","12","870","Camden McKone","0","0","0","0","0","0","0"
"78.00","City of Milwaukie, Councilor, Position 1 (Vote for 1)","12","880","Write-in","0","0","0","0","0","0","0"
"80.00","City of Milwaukie, Councilor, Position 3 (Vote for 1)","13","880","Teresa A Bresaw","0","0","0","0","0","0","0"
"80.00","City of Milwaukie, Councilor, Position 3 (Vote for 1)","13","890","Will Anderson","0","0","0","0","0","0","0"
"80.00","City of Milwaukie, Councilor, Position 3 (Vote for 1)","13","900","Write-in","0","0","0","0","0","0","0"
"82.00","City of Fairview, Mayor (Vote for 1)","5","900","Keith A Kudrna","4,260","2562","0","1,593","105","0","4,260"
"82.00","City of Fairview, Mayor (Vote for 1)","5","910","Write-in","4,260","105","0","1,593","2,562","0","4,260"
"84.00","City of Fairview, Councilor, Position 1 (Vote for 1)","2","910","Jeff Dennerline","4,260","2356","0","1,823","81","0","4,260"
"84.00","City of Fairview, Councilor, Position 1 (Vote for 1)","2","920","Write-in","4,260","81","0","1,823","2,356","0","4,260"
"86.00","City of Fairview, Councilor, Position 2 (Vote for 1)","3","920","Steven Marker","4,260","2423","0","1,773","64","0","4,260"
"86.00","City of Fairview, Councilor, Position 2 (Vote for 1)","3","930","Write-in","4,260","64","0","1,773","2,423","0","4,260"
"88.00","City of Fairview, Councilor, Position 3 (Vote for 1)","4","930","E'an Todd","4,260","1596","0","1,283","1,381","0","4,260"
"88.00","City of Fairview, Councilor, Position 3 (Vote for 1)","4","940","Marsh M Santoro","4,260","1323","0","1,283","1,654","0","4,260"
"88.00","City of Fairview, Councilor, Position 3 (Vote for 1)","4","950","Write-in","4,260","58","0","1,283","2,919","0","4,260"
"100.00","City of Gresham, Councilor, Position 1 (Vote for 1)","6","950","Kayla Brown","45,418","20345","6","11,081","13,986","0","45,418"
"100.00","City of Gresham, Councilor, Position 1 (Vote for 1)","6","960","Jack Hollis","45,418","13681","6","11,081","20,650","0","45,418"
"100.00","City of Gresham, Councilor, Position 1 (Vote for 1)","6","970","Write-in","45,418","305","0","11,081","34,032","0","45,418"
"102.00","City of Gresham, Councilor, Position 3 (Vote for 1)","7","970","Cathy Vandehey Keathley","45,418","15192","7","11,374","18,845","0","45,418"
"102.00","City of Gresham, Councilor, Position 3 (Vote for 1)","7","980","Jacquenette Josefa McIntire","45,418","13115","7","11,374","20,922","0","45,418"
"102.00","City of Gresham, Councilor, Position 3 (Vote for 1)","7","990","Thomas Stanley","45,418","5408","5","11,374","28,631","0","45,418"
"102.00","City of Gresham, Councilor, Position 3 (Vote for 1)","7","1,000","Write-in","45,418","322","0","11,374","33,722","0","45,418"
"104.00","City of Gresham, Councilor, Position 5 (Vote for 1)","8","1,010","Sue Piazza","45,418","25129","10","12,096","8,183","0","45,418"
"104.00","City of Gresham, Councilor, Position 5 (Vote for 1)","8","1,000","Timothy O Youker","45,418","7800","10","12,096","25,512","0","45,418"
"104.00","City of Gresham, Councilor, Position 5 (Vote for 1)","8","1,020","Write-in","45,418","383","0","12,096","32,939","0","45,418"
"106.00","City of Maywood Park, Council Member (Vote for 3)","11","1,020","Aika Topolski","534","387","0","139","8","0","534"
"106.00","City of Maywood Park, Council Member (Vote for 3)","11","1,040","Michael Reynolds","534","374","0","141","19","0","534"
"106.00","City of Maywood Park, Council Member (Vote for 3)","11","1,030","Agnes Hall","534","317","0","160","57","0","534"
"106.00","City of Maywood Park, Council Member (Vote for 3)","11","1,050","Write-in","534","88","0","164","282","0","534"
"106.00","City of Maywood Park, Council Member (Vote for 3)","11","1,060","Write-in","534","8","0","177","349","0","534"
"106.00","City of Maywood Park, Council Member (Vote for 3)","11","1,070","Write-in","534","3","0","178","353","0","534"
"108.00","City of Troutdale, Mayor (Vote for 1)","15","1,060","David Ripma","8,152","3527","0","1,465","3,160","0","8,152"
"108.00","City of Troutdale, Mayor (Vote for 1)","15","1,050","Geoffrey Wunn","8,152","3115","0","1,465","3,572","0","8,152"
"108.00","City of Troutdale, Mayor (Vote for 1)","15","1,070","Write-in","8,152","45","0","1,465","6,642","0","8,152"
"110.00","City of Troutdale, Councilor Member (Vote for 4)","14","1,090","Glenn White","8,152","2947","23","2,974","2,208","0","8,152"
"110.00","City of Troutdale, Councilor Member (Vote for 4)","14","1,110","Carol Allen","8,152","2925","16","2,980","2,231","0","8,152"
"110.00","City of Troutdale, Councilor Member (Vote for 4)","14","1,120","John Leamy","8,152","2217","14","3,055","2,866","0","8,152"
"110.00","City of Troutdale, Councilor Member (Vote for 4)","14","1,170","Jesse D Davidson","8,152","1940","18","3,135","3,059","0","8,152"
"110.00","City of Troutdale, Councilor Member (Vote for 4)","14","1,070","Paul Wilcox","8,152","1828","10","3,113","3,201","0","8,152"
"110.00","City of Troutdale, Councilor Member (Vote for 4)","14","1,140","Robbie Cantrell","8,152","1762","7","3,150","3,233","0","8,152"
"110.00","City of Troutdale, Councilor Member (Vote for 4)","14","1,160","Frank R Stevens","8,152","1619","13","3,103","3,417","0","8,152"
"110.00","City of Troutdale, Councilor Member (Vote for 4)","14","1,150","Rip Caswell","8,152","1576","6","2,951","3,619","0","8,152"
"110.00","City of Troutdale, Councilor Member (Vote for 4)","14","1,100","Bryce Bumgarner","8,152","1509","10","3,100","3,533","0","8,152"
"110.00","City of Troutdale, Councilor Member (Vote for 4)","14","1,130","Matt Lawrence","8,152","1470","10","3,137","3,535","0","8,152"
"110.00","City of Troutdale, Councilor Member (Vote for 4)","14","1,080","Jordan C Wittren","8,152","1394","10","3,190","3,558","0","8,152"
"110.00","City of Troutdale, Councilor Member (Vote for 4)","14","1,180","Write-in","8,152","128","0","3,203","4,821","0","8,152"
"110.00","City of Troutdale, Councilor Member (Vote for 4)","14","1,190","Write-in","8,152","45","0","3,247","4,860","0","8,152"
"110.00","City of Troutdale, Councilor Member (Vote for 4)","14","1,200","Write-in","8,152","31","0","3,249","4,872","0","8,152"
"110.00","City of Troutdale, Councilor Member (Vote for 4)","14","1,210","Write-in","8,152","27","0","3,249","4,876","0","8,152"
"112.00","City of Wood Village, Councilor, Position 2 (Vote for 1)","16","1,180","Jairo Rios-Campos","1,300","812","0","450","38","0","1,300"
"112.00","City of Wood Village, Councilor, Position 2 (Vote for 1)","16","1,190","Write-in","1,300","38","0","450","812","0","1,300"
"114.00","City of Wood Village, Councilor, Position 3 (Vote for 1)","17","1,190","Dara Tan","1,300","783","0","482","35","0","1,300"
"114.00","City of Wood Village, Councilor, Position 3 (Vote for 1)","17","1,200","Write-in","1,300","35","0","482","783","0","1,300"
"116.00","City of Wood Village, Councilor, Position 5 (Vote for 1)","18","1,200","Patricia Smith","1,300","774","0","496","30","0","1,300"
"116.00","City of Wood Village, Councilor, Position 5 (Vote for 1)","18","1,210","Write-in","1,300","30","0","496","774","0","1,300"
"118.00","East Multnomah Soil and Water Conservation Director At Large (Vote for 1)","19","1,220","Ramona DeNies","330,325","132481","24","117,872","79,948","0","330,325"
"118.00","East Multnomah Soil and Water Conservation Director At Large (Vote for 1)","19","1,210","James Carlson","330,325","77796","25","117,872","134,632","0","330,325"
"118.00","East Multnomah Soil and Water Conservation Director At Large (Vote for 1)","19","1,230","Write-in","330,325","2150","3","117,872","210,300","0","330,325"
"120.00","East Multnomah Soil and Water Conservation Director Zone 1 (Vote for 1)","20","1,230","Mary C Colombo","330,325","171990","3","155,260","3,072","0","330,325"
"120.00","East Multnomah Soil and Water Conservation Director Zone 1 (Vote for 1)","20","1,240","Write-in","330,325","3072","3","155,260","171,990","0","330,325"
"122.00","East Multnomah Soil and Water Conservation Director Zone 2 (Vote for 1)","21","1,240","Laura Masterson","330,325","166182","4","160,955","3,184","0","330,325"
"122.00","East Multnomah Soil and Water Conservation Director Zone 2 (Vote for 1)","21","1,250","Write-in","330,325","3184","4","160,955","166,182","0","330,325"
"124.00","West Multnomah Soil and Water Conservation Director At Large (Vote for 1)","69","1,250","Michael Oliver","86,549","45184","0","40,787","578","0","86,549"
"124.00","West Multnomah Soil and Water Conservation Director At Large (Vote for 1)","69","1,260","Write-in","86,549","578","0","40,787","45,184","0","86,549"
"126.00","West Multnomah Soil and Water Conservation Director Zone 1 (Vote for 1)","70","1,260","Jan Robert Hamer","86,549","42920","0","43,113","516","0","86,549"
"126.00","West Multnomah Soil and Water Conservation Director Zone 1 (Vote for 1)","70","1,270","Write-in","86,549","516","0","43,113","42,920","0","86,549"
"128.00","West Multnomah Soil and Water Conservation Director Zone 2 (Vote for 1)","71","20","Write-in","86,549","6160","0","80,389","0","0","86,549"
"130.00","West Multnomah Soil and Water Conservation Director Zone 3 (Vote for 1)","72","1,270","George A Sowder","86,549","42524","0","43,498","527","0","86,549"
"130.00","West Multnomah Soil and Water Conservation Director Zone 3 (Vote for 1)","72","1,280","Write-in","86,549","527","0","43,498","42,524","0","86,549"
"132.00","Interlachen Water People's Utility District, Director, 1 (Vote for 1)","22","1,290","Rob Johnson","52","34","0","16","2","0","52"
"132.00","Interlachen Water People's Utility District, Director, 1 (Vote for 1)","22","1,300","Write-in","52","2","0","16","34","0","52"
"134.00","Interlachen Water People's Utility District, Director, 3 (Vote for 1)","23","1,300","Michael Vest","64","57","0","7","0","0","64"
"134.00","Interlachen Water People's Utility District, Director, 3 (Vote for 1)","23","1,310","Write-in","64","0","0","7","57","0","64"
"136.00","Interlachen Water People's Utility District, Director, 4 (Vote for 1)","24","1,310","Thomas E Caufield","46","32","0","11","3","0","46"
"136.00","Interlachen Water People's Utility District, Director, 4 (Vote for 1)","24","1,320","Write-in","46","3","0","11","32","0","46"
"138.00","Interlachen Water People's Utility District, Director, 5 (Vote for 1)","25","1,280","Dave Richardson","52","33","0","19","0","0","52"
"138.00","Interlachen Water People's Utility District, Director, 5 (Vote for 1)","25","1,290","Write-in","52","0","0","19","33","0","52"
"140.00","Rockwood Water People's Utility District, Director, 1 (Vote for 1)","40","1,320","Thomas W Lewis","4,415","2156","0","2,187","72","0","4,415"
"140.00","Rockwood Water People's Utility District, Director, 1 (Vote for 1)","40","1,330","Write-in","4,415","72","0","2,187","2,156","0","4,415"
"142.00","Rockwood Water People's Utility District, Director, 3 (Vote for 1)","41","1,330","Cori Johnson","4,865","2727","0","2,051","87","0","4,865"
"142.00","Rockwood Water People's Utility District, Director, 3 (Vote for 1)","41","1,340","Write-in","4,865","87","0","2,051","2,727","0","4,865"
"144.00","Rockwood Water People's Utility District, Director, 4 (Vote for 1)","42","1,340","Steve Okazaki","4,850","2334","0","2,461","55","0","4,850"
"144.00","Rockwood Water People's Utility District, Director, 4 (Vote for 1)","42","1,350","Write-in","4,850","55","0","2,461","2,334","0","4,850"
"146.00","Urban Flood Safety and Water Quality District, Position 1 (Vote for 1)","34","1,350","Lori Stegmann","410,003","214845","4","191,059","4,095","0","410,003"
"146.00","Urban Flood Safety and Water Quality District, Position 1 (Vote for 1)","34","1,360","Write-in","410,003","4095","4","191,059","214,845","0","410,003"
"148.00","Urban Flood Safety and Water Quality District, Position 2 (Vote for 1)","35","1,370","Ariana Johnson","410,003","180034","27","177,134","52,808","0","410,003"
"148.00","Urban Flood Safety and Water Quality District, Position 2 (Vote for 1)","35","1,360","Darcy Andrews","410,003","50058","27","177,134","182,784","0","410,003"
"148.00","Urban Flood Safety and Water Quality District, Position 2 (Vote for 1)","35","1,380","Write-in","410,003","2749","2","177,134","230,118","0","410,003"
"150.00","Urban Flood Safety and Water Quality District, Position 3 (Vote for 1)","36","1,380","Kayla Drozd Calkins","410,003","138345","31","170,025","101,602","0","410,003"
"150.00","Urban Flood Safety and Water Quality District, Position 3 (Vote for 1)","36","1,390","Tanney Staffenson","410,003","99165","32","170,025","140,781","0","410,003"
"150.00","Urban Flood Safety and Water Quality District, Position 3 (Vote for 1)","36","1,400","Write-in","410,003","2436","1","170,025","237,541","0","410,003"
"152.00","Urban Flood Safety and Water Quality District, Position 4 (Vote for 1)","37","1,400","Nic Lane","410,003","110944","41","168,451","130,567","0","410,003"
"152.00","Urban Flood Safety and Water Quality District, Position 4 (Vote for 1)","37","1,410","Rick Sanders","410,003","70872","37","168,451","170,643","0","410,003"
"152.00","Urban Flood Safety and Water Quality District, Position 4 (Vote for 1)","37","1,420","Vena Rainwater","410,003","57418","29","168,451","184,105","0","410,003"
"152.00","Urban Flood Safety and Water Quality District, Position 4 (Vote for 1)","37","1,430","Write-in","410,003","2268","3","168,451","239,281","0","410,003"
"154.00","Urban Flood Safety and Water Quality District, Position 5 (Vote for 1)","38","1,430","Erich Mueller","410,003","180870","25","184,960","44,148","0","410,003"
"154.00","Urban Flood Safety and Water Quality District, Position 5 (Vote for 1)","38","1,440","Roland H Havens","410,003","41403","23","184,960","183,617","0","410,003"
"154.00","Urban Flood Safety and Water Quality District, Position 5 (Vote for 1)","38","1,450","Write-in","410,003","2745","2","184,960","222,296","0","410,003"
"156.00","State Measure 115 (Vote for 1)","73","10","Yes","416,874","303176","47","39,167","74,484","0","416,874"
"156.00","State Measure 115 (Vote for 1)","73","20","No","416,874","74484","47","39,167","303,176","0","416,874"
"158.00","State Measure 116 (Vote for 1)","74","10","Yes","416,874","198771","84","39,833","178,186","0","416,874"
"158.00","State Measure 116 (Vote for 1)","74","20","No","416,874","178186","84","39,833","198,771","0","416,874"
"160.00","State Measure 117 (Vote for 1)","75","10","Yes","416,874","220355","82","29,837","166,600","0","416,874"
"160.00","State Measure 117 (Vote for 1)","75","20","No","416,874","166600","82","29,837","220,355","0","416,874"
"162.00","State Measure 118 (Vote for 1)","76","20","No","416,874","281666","171","29,264","105,773","0","416,874"
"162.00","State Measure 118 (Vote for 1)","76","10","Yes","416,874","105773","171","29,264","281,666","0","416,874"
"164.00","State Measure 119 (Vote for 1)","77","10","Yes","416,874","280752","53","39,691","96,378","0","416,874"
"164.00","State Measure 119 (Vote for 1)","77","20","No","416,874","96378","53","39,691","280,752","0","416,874"
"166.00","Lake Oswego Measure 3-618 (Vote for 1)","78","10","Yes","1,830","1375","0","187","268","0","1,830"
"166.00","Lake Oswego Measure 3-618 (Vote for 1)","78","20","No","1,830","268","0","187","1,375","0","1,830"
"168.00","Lake Oswego Measure 3-619 (Vote for 1)","79","10","Yes","1,830","894","1","123","812","0","1,830"
"168.00","Lake Oswego Measure 3-619 (Vote for 1)","79","20","No","1,830","812","1","123","894","0","1,830"
"170.00","Gresham Measure 26-255 (Vote for 1)","80","10","Yes","45,418","28410","8","6,694","10,306","0","45,418"
"170.00","Gresham Measure 26-255 (Vote for 1)","80","20","No","45,418","10306","8","6,694","28,410","0","45,418"
"172.00","Gresham Measure 26-256 (Vote for 1)","81","10","Yes","45,418","28658","7","6,772","9,981","0","45,418"
"172.00","Gresham Measure 26-256 (Vote for 1)","81","20","No","45,418","9981","7","6,772","28,658","0","45,418"
"174.00","Portland Measure 26-249 (Vote for 1)","82","10","Yes","344,945","258751","37","48,679","37,478","0","344,945"
"174.00","Portland Measure 26-249 (Vote for 1)","82","20","No","344,945","37478","37","48,679","258,751","0","344,945"
"176.00","Portland Measure 26-250 (Vote for 1)","83","10","Yes","344,945","188268","68","51,809","104,800","0","344,945"
"176.00","Portland Measure 26-250 (Vote for 1)","83","20","No","344,945","104800","68","51,809","188,268","0","344,945"
"178.00","Portland Measure 26-251 (Vote for 1)","84","10","Yes","344,945","260773","38","48,329","35,805","0","344,945"
"178.00","Portland Measure 26-251 (Vote for 1)","84","20","No","344,945","35805","38","48,329","260,773","0","344,945"
"180.00","Portland Measure 26-252 (Vote for 1)","85","10","Yes","344,945","261798","38","44,234","38,875","0","344,945"
"180.00","Portland Measure 26-252 (Vote for 1)","85","20","No","344,945","38875","38","44,234","261,798","0","344,945"
"182.00","Portland Measure 26-253 (Vote for 1)","86","20","No","344,945","152948","73","44,557","147,367","0","344,945"
"182.00","Portland Measure 26-253 (Vote for 1)","86","10","Yes","344,945","147367","73","44,557","152,948","0","344,945"
"184.00","Troutdale Measure 26-248 (Vote for 1)","87","20","No","8,152","3840","3","532","3,777","0","8,152"
"184.00","Troutdale Measure 26-248 (Vote for 1)","87","10","Yes","8,152","3777","3","532","3,840","0","8,152"
"186.00","Sauvie Island Measure 26-257 (Vote for 1)","88","10","Yes","546","438","0","21","87","0","546"
"186.00","Sauvie Island Measure 26-257 (Vote for 1)","88","20","No","546","87","0","21","438","0","546"
"188.00","Parkrose Measure 26-254 (Vote for 1)","89","20","No","11,809","5411","1","1,113","5,284","0","11,809"
"188.00","Parkrose Measure 26-254 (Vote for 1)","89","10","Yes","11,809","5284","1","1,113","5,411","0","11,809"