President (DEM),Precinct,Hillary Clinton,Barack Obama,WI,OV,UV,,,,
,0001 GARDINER,52,38,2,0,4,,,,
,0002 SMITH RIVER,4,7,0,0,1,,,,
,0003 PIONEER,150,120,9,0,4,,,,
,0004 HIGHLAND,137,123,1,1,6,,,,
,0005 FOREST HILLS,147,112,6,0,9,,,,
,0006 DEANS CREEK,34,29,2,0,4,,,,
,0007 WINCHESTER BAY,58,42,2,0,9,,,,
,0008 LOON LAKE,2,14,1,0,1,,,,
,0009 EAST ELKTON,76,121,3,0,10,,,,
,0010 ELKTON CITY,12,18,0,0,1,,,,
,0011 DRAIN CITY,63,65,1,0,4,,,,
,0012 NORTH DRAIN COUNTY,109,94,4,0,11,,,,
,0013 YONCALLA COUNTY,126,126,4,0,14,,,,
,0014 YONCALLA CITY,77,57,2,0,10,,,,
,0015 OAKLAND CITY,61,81,3,0,5,,,,
,0016 NORTH CALAPOOIA,128,149,2,0,10,,,,
,0017 SUTHERLIN EAST,429,272,8,0,36,,,,
,0018 SUTHERLIN WEST,183,140,10,0,6,,,,
,0019 FAIR OAKS,148,134,16,0,18,,,,
,0020 MELROSE SOUTH,83,109,1,0,4,,,,
,0021 WILBUR,75,87,4,0,4,,,,
,0022 COLES VALLEY,65,77,0,0,7,,,,
,0023 GARDEN VALLEY,82,142,6,0,9,,,,
,0024 LITTLE RIVER,163,244,9,0,16,,,,
,0025 GLIDE,145,158,3,0,9,,,,
,0026 CLARKS BRANCH,1,0,0,0,0,,,,
,0027 DIXONVILLE,75,56,4,0,15,,,,
,0028 MILL EAST,23,27,2,0,5,,,,
,0029 WINCHESTER,237,224,7,0,9,,,,
,0030 NEWTON CREEK,165,138,6,0,8,,,,
,0031 MEADOWDALE,107,85,3,0,8,,,,
,0032 RIDDLE COUNTY WEST,16,17,0,0,3,,,,
,0033 SWEETBRIER,59,73,2,0,8,,,,
,0034 CHARTER OAKS,56,61,3,0,10,,,,
,0035 RIVERSDALE,87,104,3,0,12,,,,
,0036 HUCREST,168,213,4,1,12,,,,
,0037 KEASEY,162,208,9,0,13,,,,
,0038 EDENBOWER,187,158,7,0,17,,,,
,0039 DEER CREEK,101,119,1,0,9,,,,
,0040 BENSON,95,81,4,0,5,,,,
,0041 HAWTHORNE,114,166,1,0,6,,,,
,0042 HERMANN,85,101,3,0,8,,,,
,0043 LANE,116,108,1,0,6,,,,
,0044 LAURELWOOD,38,83,1,0,1,,,,
,0045 FAIRHAVEN,52,55,2,0,4,,,,
,0046 BROWN,174,163,4,0,15,,,,
,0047 ORCHARD,91,108,5,0,7,,,,
,0048 WEST PARK,39,42,0,0,3,,,,
,0049 PARROTT,138,80,10,0,19,,,,
,0050 HAPPY VALLEY,375,317,14,0,36,,,,
,0051 GREEN,72,76,3,0,6,,,,
,0052 CIVIL BEND,54,30,3,0,4,,,,
,0053 WINSTON #1,156,141,6,0,17,,,,
,0054 WINSTON #2,225,161,16,0,14,,,,
,0055 DILLARD,115,106,3,0,16,,,,
,0056 MELROSE,196,200,14,0,22,,,,
,0057 LOOKINGGLASS,97,84,7,0,14,,,,
,0058 OLALLA,131,144,8,0,13,,,,
,0059 CAMAS VALLEY,55,44,4,0,6,,,,
,0060 MYRTLE CREEK #1,113,71,6,0,3,,,,
,0061 MYRTLE CREEK #2,106,87,8,0,11,,,,
,0062 MYRTLE CREEK COUNTY,154,122,5,0,12,,,,
,0063 TRI CITY,327,197,16,0,28,,,,
,0064 RIDDLE CITY,50,55,1,0,11,,,,
,0065 RIDDLE COUNTY EAST,76,65,6,0,5,,,,
,0066 CANYONVILLE CITY,128,84,9,0,5,,,,
,0067 CANYONVILLE COUNTY,60,49,3,0,6,,,,
,0068 DAYS CREEK,46,69,6,0,2,,,,
,0069 TILLER,30,33,2,0,3,,,,
,0070 GLENDALE/AZALEA,119,127,4,0,12,,,,
,0071 GLENDALE CITY,43,37,4,0,4,,,,
,0072 GLENDALE COUNY,7,3,0,0,2,,,,
,TOTAL,7730,7331,329,2,667,,,,
US Senator (DEM),Precinct,Pavel Goberman,Jeff Merkley,Roger S. Obrist,David Loera,Candy Neville,Steve Novick,WI,OV,UV
,0001 GARDINER,9,39,3,1,9,23,0,0,12
,0002 SMITH RIVER,2,5,0,0,0,3,0,0,2
,0003 PIONEER,4,134,6,2,22,79,1,1,34
,0004 HIGHLAND,8,113,7,4,21,63,0,0,52
,0005 FOREST HILLS,4,115,8,1,23,64,2,0,57
,0006 DEANS CREEK,2,30,2,0,3,18,2,0,12
,0007 WINCHESTER BAY,2,45,3,0,8,29,1,0,23
,0008 LOON LAKE,2,4,0,1,0,7,0,0,4
,0009 EAST ELKTON,3,87,2,0,18,68,1,0,31
,0010 ELKTON CITY,0,17,1,0,3,3,0,1,6
,0011 DRAIN CITY,3,64,3,1,10,26,0,0,26
,0012 NORTH DRAIN COUNTY,7,87,6,3,17,64,0,0,34
,0013 YONCALLA COUNTY,5,129,10,5,18,47,1,0,55
,0014 YONCALLA CITY,6,56,1,1,13,43,0,1,25
,0015 OAKLAND CITY,3,69,1,1,10,38,0,0,28
,0016 NORTH CALAPOOIA,5,119,5,2,20,87,2,1,48
,0017 SUTHERLIN EAST,22,325,18,18,54,191,3,1,113
,0018 SUTHERLIN WEST,11,144,12,6,25,80,3,0,58
,0019 FAIR OAKS,11,136,3,4,18,83,1,0,60
,0020 MELROSE SOUTH,5,80,2,3,11,58,1,1,36
,0021 WILBUR,4,61,2,0,8,54,2,0,39
,0022 COLES VALLEY,8,57,3,0,5,48,0,0,28
,0023 GARDEN VALLEY,5,78,4,2,15,82,1,0,52
,0024 LITTLE RIVER,20,156,8,7,30,122,3,0,86
,0025 GLIDE,7,127,7,1,16,103,0,2,52
,0026 CLARKS BRANCH,0,1,0,0,0,0,0,0,0
,0027 DIXONVILLE,3,55,4,2,11,28,2,0,45
,0028 MILL EAST,3,23,0,1,2,13,0,0,15
,0029 WINCHESTER,2,227,2,3,37,127,3,0,76
,0030 NEWTON CREEK,1,138,4,4,23,91,3,0,53
,0031 MEADOWDALE,9,108,1,2,14,49,2,0,18
,0032 RIDDLE COUNTY WEST,1,17,0,0,2,9,0,0,7
,0033 SWEETBRIER,5,51,7,1,5,48,1,0,24
,0034 CHARTER OAKS,3,51,4,1,7,37,0,1,26
,0035 RIVERSDALE,7,82,5,0,10,57,1,0,44
,0036 HUCREST,5,165,12,1,19,122,3,0,71
,0037 KEASEY,8,159,5,3,23,117,4,0,73
,0038 EDENBOWER,8,144,9,7,28,107,1,0,65
,0039 DEER CREEK,4,91,3,0,16,70,3,1,42
,0040 BENSON,2,80,6,1,10,48,0,0,38
,0041 HAWTHORNE,4,112,2,1,20,107,2,0,39
,0042 HERMANN,6,73,7,3,17,62,1,0,28
,0043 LANE,6,99,1,2,19,70,0,0,34
,0044 LAURELWOOD,1,35,1,0,7,53,1,0,25
,0045 FAIRHAVEN,0,34,1,1,13,37,0,1,26
,0046 BROWN,9,148,11,6,18,114,3,0,47
,0047 ORCHARD,3,96,1,0,9,66,0,0,36
,0048 WEST PARK,0,42,2,0,5,25,0,0,10
,0049 PARROTT,9,115,8,6,10,58,7,1,33
,0050 HAPPY VALLEY,26,311,21,11,67,198,5,0,103
,0051 GREEN,3,58,4,2,4,53,2,0,31
,0052 CIVIL BEND,2,37,2,6,7,24,0,0,13
,0053 WINSTON #1,10,139,11,3,13,96,3,0,45
,0054 WINSTON #2,14,152,12,7,32,124,4,0,71
,0055 DILLARD,3,79,6,5,19,82,3,0,43
,0056 MELROSE,15,195,6,9,23,95,4,0,85
,0057 LOOKINGGLASS,5,64,6,2,16,76,6,0,27
,0058 OLALLA,13,109,9,4,18,87,1,0,55
,0059 CAMAS VALLEY,3,30,1,1,8,32,1,0,33
,0060 MYRTLE CREEK #1,1,109,1,2,10,38,0,0,32
,0061 MYRTLE CREEK #2,8,93,3,7,21,48,2,0,30
,0062 MYRTLE CREEK COUNTY,10,141,9,6,7,66,2,0,52
,0063 TRI CITY,12,262,15,10,48,117,5,2,97
,0064 RIDDLE CITY,6,50,1,3,5,32,2,1,17
,0065 RIDDLE COUNTY EAST,8,60,2,0,7,40,3,0,32
,0066 CANYONVILLE CITY,5,103,4,5,16,57,3,1,32
,0067 CANYONVILLE COUNTY,4,51,2,1,7,31,1,0,21
,0068 DAYS CREEK,4,48,0,2,9,35,0,0,25
,0069 TILLER,6,24,2,0,6,15,2,0,13
,0070 GLENDALE/AZALEA,13,101,3,6,24,75,0,0,40
,0071 GLENDALE CITY,6,22,0,0,12,21,0,0,27
,0072 GLENDALE COUNY,2,3,0,0,3,3,0,0,1
,TOTAL,436,6664,333,200,1084,4443,110,16,2773
House Dist 4 (DEM),Precinct,Peter A. DeFazio,WI,OV,UV,,,,,
,0001 GARDINER,83,0,0,13,,,,,
,0002 SMITH RIVER,10,0,0,2,,,,,
,0003 PIONEER,261,0,0,22,,,,,
,0004 HIGHLAND,248,1,0,19,,,,,
,0005 FOREST HILLS,231,3,0,40,,,,,
,0006 DEANS CREEK,57,0,0,12,,,,,
,0007 WINCHESTER BAY,99,0,0,12,,,,,
,0008 LOON LAKE,17,0,0,1,,,,,
,0009 EAST ELKTON,184,0,0,26,,,,,
,0010 ELKTON CITY,28,0,0,3,,,,,
,0011 DRAIN CITY,116,1,0,16,,,,,
,0012 NORTH DRAIN COUNTY,186,1,0,31,,,,,
,0013 YONCALLA COUNTY,236,0,0,34,,,,,
,0014 YONCALLA CITY,137,0,0,9,,,,,
,0015 OAKLAND CITY,132,0,0,18,,,,,
,0016 NORTH CALAPOOIA,265,1,0,23,,,,,
,0017 SUTHERLIN EAST,666,4,0,75,,,,,
,0018 SUTHERLIN WEST,297,2,0,40,,,,,
,0019 FAIR OAKS,266,5,0,45,,,,,
,0020 MELROSE SOUTH,173,2,0,22,,,,,
,0021 WILBUR,144,2,0,24,,,,,
,0022 COLES VALLEY,126,2,0,21,,,,,
,0023 GARDEN VALLEY,206,1,0,32,,,,,
,0024 LITTLE RIVER,370,1,0,61,,,,,
,0025 GLIDE,277,2,0,36,,,,,
,0026 CLARKS BRANCH,1,0,0,0,,,,,
,0027 DIXONVILLE,120,1,0,29,,,,,
,0028 MILL EAST,50,0,0,7,,,,,
,0029 WINCHESTER,427,3,0,47,,,,,
,0030 NEWTON CREEK,275,5,0,37,,,,,
,0031 MEADOWDALE,184,1,0,18,,,,,
,0032 RIDDLE COUNTY WEST,31,0,0,5,,,,,
,0033 SWEETBRIER,120,2,0,20,,,,,
,0034 CHARTER OAKS,116,0,0,14,,,,,
,0035 RIVERSDALE,172,1,0,33,,,,,
,0036 HUCREST,353,4,0,41,,,,,
,0037 KEASEY,357,2,0,33,,,,,
,0038 EDENBOWER,327,2,1,39,,,,,
,0039 DEER CREEK,200,2,0,28,,,,,
,0040 BENSON,163,2,0,20,,,,,
,0041 HAWTHORNE,263,5,0,19,,,,,
,0042 HERMANN,185,1,0,11,,,,,
,0043 LANE,199,0,0,32,,,,,
,0044 LAURELWOOD,111,1,0,11,,,,,
,0045 FAIRHAVEN,104,1,0,8,,,,,
,0046 BROWN,321,2,0,33,,,,,
,0047 ORCHARD,186,0,0,25,,,,,
,0048 WEST PARK,74,1,0,9,,,,,
,0049 PARROTT,203,6,0,38,,,,,
,0050 HAPPY VALLEY,643,5,0,94,,,,,
,0051 GREEN,137,1,0,19,,,,,
,0052 CIVIL BEND,77,2,0,12,,,,,
,0053 WINSTON #1,276,3,2,39,,,,,
,0054 WINSTON #2,346,3,0,67,,,,,
,0055 DILLARD,219,2,0,19,,,,,
,0056 MELROSE,358,2,0,72,,,,,
,0057 LOOKINGGLASS,171,1,0,30,,,,,
,0058 OLALLA,254,4,0,38,,,,,
,0059 CAMAS VALLEY,80,2,0,27,,,,,
,0060 MYRTLE CREEK #1,180,1,0,12,,,,,
,0061 MYRTLE CREEK #2,188,1,0,23,,,,,
,0062 MYRTLE CREEK COUNTY,253,0,0,40,,,,,
,0063 TRI CITY,491,8,0,69,,,,,
,0064 RIDDLE CITY,103,1,0,13,,,,,
,0065 RIDDLE COUNTY EAST,125,0,0,27,,,,,
,0066 CANYONVILLE CITY,202,2,0,22,,,,,
,0067 CANYONVILLE COUNTY,98,2,0,18,,,,,
,0068 DAYS CREEK,106,0,0,17,,,,,
,0069 TILLER,59,0,0,9,,,,,
,0070 GLENDALE/AZALEA,235,2,0,25,,,,,
,0071 GLENDALE CITY,64,0,0,24,,,,,
,0072 GLENDALE COUNY,9,0,0,3,,,,,
,TOTAL,14031,112,3,1913,,,,,
Secretary of State (DEM),Precinct,Kate Brown,Rick Metsger,Vicki L. Walker,Paul Damian Wells,WI,OV,UV,,
,0001 GARDINER,26,24,20,6,1,0,19,,
,0002 SMITH RIVER,6,0,3,0,0,0,3,,
,0003 PIONEER,75,89,76,13,1,0,29,,
,0004 HIGHLAND,60,63,89,16,2,0,38,,
,0005 FOREST HILLS,74,62,75,12,3,0,48,,
,0006 DEANS CREEK,23,16,17,6,1,0,6,,
,0007 WINCHESTER BAY,25,45,17,3,1,0,20,,
,0008 LOON LAKE,3,3,6,4,0,0,2,,
,0009 EAST ELKTON,69,42,59,4,2,1,33,,
,0010 ELKTON CITY,12,6,6,0,0,0,7,,
,0011 DRAIN CITY,31,32,43,2,1,0,24,,
,0012 NORTH DRAIN COUNTY,71,37,54,12,0,0,44,,
,0013 YONCALLA COUNTY,76,71,49,14,1,0,59,,
,0014 YONCALLA CITY,34,45,30,6,3,0,28,,
,0015 OAKLAND CITY,51,35,28,3,0,0,33,,
,0016 NORTH CALAPOOIA,71,90,58,13,3,0,54,,
,0017 SUTHERLIN EAST,245,202,116,41,3,0,138,,
,0018 SUTHERLIN WEST,87,98,63,14,1,0,76,,
,0019 FAIR OAKS,105,76,41,11,3,0,80,,
,0020 MELROSE SOUTH,69,42,25,6,2,0,53,,
,0021 WILBUR,48,43,32,7,0,0,40,,
,0022 COLES VALLEY,54,29,24,6,0,0,36,,
,0023 GARDEN VALLEY,74,55,37,8,0,0,65,,
,0024 LITTLE RIVER,154,83,54,25,4,0,112,,
,0025 GLIDE,129,67,46,16,0,0,57,,
,0026 CLARKS BRANCH,0,0,0,0,0,0,1,,
,0027 DIXONVILLE,43,25,17,7,4,0,54,,
,0028 MILL EAST,26,5,7,0,0,0,19,,
,0029 WINCHESTER,159,136,85,11,3,0,83,,
,0030 NEWTON CREEK,94,83,55,14,7,0,64,,
,0031 MEADOWDALE,68,63,33,7,0,1,31,,
,0032 RIDDLE COUNTY WEST,6,16,7,0,0,0,7,,
,0033 SWEETBRIER,40,40,25,8,0,0,29,,
,0034 CHARTER OAKS,45,34,17,5,1,0,28,,
,0035 RIVERSDALE,83,39,24,8,3,0,49,,
,0036 HUCREST,151,94,59,7,1,0,86,,
,0037 KEASEY,133,97,68,10,3,0,81,,
,0038 EDENBOWER,121,96,66,18,1,0,67,,
,0039 DEER CREEK,86,52,31,6,0,0,55,,
,0040 BENSON,69,37,26,4,0,0,49,,
,0041 HAWTHORNE,134,57,36,4,1,0,55,,
,0042 HERMANN,75,46,35,8,1,0,32,,
,0043 LANE,95,48,26,11,1,0,50,,
,0044 LAURELWOOD,47,28,14,0,1,0,33,,
,0045 FAIRHAVEN,35,22,22,6,0,0,28,,
,0046 BROWN,130,100,56,16,2,0,52,,
,0047 ORCHARD,79,44,34,10,0,0,44,,
,0048 WEST PARK,23,23,17,5,0,0,16,,
,0049 PARROTT,75,77,30,16,3,0,46,,
,0050 HAPPY VALLEY,236,190,153,35,4,0,124,,
,0051 GREEN,57,31,28,3,0,0,38,,
,0052 CIVIL BEND,25,28,17,6,0,0,15,,
,0053 WINSTON #1,106,102,39,16,2,0,55,,
,0054 WINSTON #2,110,133,60,24,4,2,83,,
,0055 DILLARD,83,58,42,9,3,0,45,,
,0056 MELROSE,144,88,69,20,5,0,106,,
,0057 LOOKINGGLASS,85,39,34,8,2,0,34,,
,0058 OLALLA,78,76,63,19,0,0,60,,
,0059 CAMAS VALLEY,21,26,20,7,0,0,35,,
,0060 MYRTLE CREEK #1,60,50,28,10,1,0,44,,
,0061 MYRTLE CREEK #2,77,58,24,16,0,0,37,,
,0062 MYRTLE CREEK COUNTY,101,80,35,8,2,0,67,,
,0063 TRI CITY,178,158,86,15,5,0,126,,
,0064 RIDDLE CITY,29,50,13,6,0,0,19,,
,0065 RIDDLE COUNTY EAST,39,42,20,13,2,0,36,,
,0066 CANYONVILLE CITY,77,57,47,14,1,0,30,,
,0067 CANYONVILLE COUNTY,35,32,21,6,0,0,24,,
,0068 DAYS CREEK,44,22,15,11,0,0,31,,
,0069 TILLER,23,11,9,4,2,0,19,,
,0070 GLENDALE/AZALEA,94,61,34,22,1,0,50,,
,0071 GLENDALE CITY,35,11,13,4,0,0,25,,
,0072 GLENDALE COUNY,4,0,4,1,0,0,3,,
,TOTAL,5230,4020,2732,706,98,4,3269,,
State Treasurer (DEM),Precinct,Ben Westlund,WI,OV,UV,,,,,
,0001 GARDINER,64,1,0,31,,,,,
,0002 SMITH RIVER,3,0,0,9,,,,,
,0003 PIONEER,219,3,0,61,,,,,
,0004 HIGHLAND,188,0,0,80,,,,,
,0005 FOREST HILLS,185,3,0,86,,,,,
,0006 DEANS CREEK,46,0,0,23,,,,,
,0007 WINCHESTER BAY,76,0,0,35,,,,,
,0008 LOON LAKE,15,0,0,3,,,,,
,0009 EAST ELKTON,137,0,0,73,,,,,
,0010 ELKTON CITY,23,0,0,8,,,,,
,0011 DRAIN CITY,83,0,0,50,,,,,
,0012 NORTH DRAIN COUNTY,133,0,0,85,,,,,
,0013 YONCALLA COUNTY,168,1,0,101,,,,,
,0014 YONCALLA CITY,108,0,0,38,,,,,
,0015 OAKLAND CITY,99,0,0,51,,,,,
,0016 NORTH CALAPOOIA,181,1,0,107,,,,,
,0017 SUTHERLIN EAST,517,4,0,224,,,,,
,0018 SUTHERLIN WEST,228,1,0,110,,,,,
,0019 FAIR OAKS,194,3,0,119,,,,,
,0020 MELROSE SOUTH,111,2,0,84,,,,,
,0021 WILBUR,107,1,0,62,,,,,
,0022 COLES VALLEY,95,1,0,53,,,,,
,0023 GARDEN VALLEY,138,1,0,100,,,,,
,0024 LITTLE RIVER,260,3,0,169,,,,,
,0025 GLIDE,192,0,0,123,,,,,
,0026 CLARKS BRANCH,1,0,0,0,,,,,
,0027 DIXONVILLE,69,2,0,79,,,,,
,0028 MILL EAST,37,0,0,20,,,,,
,0029 WINCHESTER,326,3,0,148,,,,,
,0030 NEWTON CREEK,213,4,0,100,,,,,
,0031 MEADOWDALE,139,2,0,62,,,,,
,0032 RIDDLE COUNTY WEST,22,0,0,14,,,,,
,0033 SWEETBRIER,91,2,0,49,,,,,
,0034 CHARTER OAKS,75,1,0,54,,,,,
,0035 RIVERSDALE,121,1,1,83,,,,,
,0036 HUCREST,264,1,0,133,,,,,
,0037 KEASEY,260,2,0,130,,,,,
,0038 EDENBOWER,246,2,0,121,,,,,
,0039 DEER CREEK,136,2,0,92,,,,,
,0040 BENSON,102,1,0,82,,,,,
,0041 HAWTHORNE,201,2,0,84,,,,,
,0042 HERMANN,142,2,0,53,,,,,
,0043 LANE,142,3,0,86,,,,,
,0044 LAURELWOOD,76,1,0,46,,,,,
,0045 FAIRHAVEN,72,0,0,41,,,,,
,0046 BROWN,256,2,0,98,,,,,
,0047 ORCHARD,142,0,0,69,,,,,
,0048 WEST PARK,60,0,0,24,,,,,
,0049 PARROTT,175,2,0,70,,,,,
,0050 HAPPY VALLEY,515,5,0,222,,,,,
,0051 GREEN,106,0,0,51,,,,,
,0052 CIVIL BEND,72,1,0,18,,,,,
,0053 WINSTON #1,217,3,0,100,,,,,
,0054 WINSTON #2,276,2,0,138,,,,,
,0055 DILLARD,155,1,0,84,,,,,
,0056 MELROSE,255,3,0,174,,,,,
,0057 LOOKINGGLASS,131,1,0,70,,,,,
,0058 OLALLA,195,1,0,100,,,,,
,0059 CAMAS VALLEY,55,0,0,54,,,,,
,0060 MYRTLE CREEK #1,124,1,0,68,,,,,
,0061 MYRTLE CREEK #2,146,1,0,65,,,,,
,0062 MYRTLE CREEK COUNTY,182,0,0,111,,,,,
,0063 TRI CITY,375,4,0,189,,,,,
,0064 RIDDLE CITY,85,0,0,32,,,,,
,0065 RIDDLE COUNTY EAST,93,1,0,58,,,,,
,0066 CANYONVILLE CITY,155,3,0,68,,,,,
,0067 CANYONVILLE COUNTY,82,0,0,36,,,,,
,0068 DAYS CREEK,72,1,0,50,,,,,
,0069 TILLER,36,2,0,30,,,,,
,0070 GLENDALE/AZALEA,166,1,0,95,,,,,
,0071 GLENDALE CITY,55,0,0,33,,,,,
,0072 GLENDALE COUNY,6,0,0,6,,,,,
,TOTAL,10492,91,1,5475,,,,,
Attorney General (DEM),Precinct,John R. Kroger,Greg Macpherson,WI,OV,UV,,,,
,0001 GARDINER,36,39,0,0,21,,,,
,0002 SMITH RIVER,4,4,0,0,4,,,,
,0003 PIONEER,114,125,0,0,44,,,,
,0004 HIGHLAND,118,98,0,0,52,,,,
,0005 FOREST HILLS,104,104,3,0,63,,,,
,0006 DEANS CREEK,32,24,0,0,13,,,,
,0007 WINCHESTER BAY,40,46,0,0,25,,,,
,0008 LOON LAKE,9,6,0,0,3,,,,
,0009 EAST ELKTON,84,85,0,0,41,,,,
,0010 ELKTON CITY,12,11,0,0,8,,,,
,0011 DRAIN CITY,55,53,0,0,25,,,,
,0012 NORTH DRAIN COUNTY,79,91,0,1,47,,,,
,0013 YONCALLA COUNTY,101,106,0,0,63,,,,
,0014 YONCALLA CITY,63,51,0,0,32,,,,
,0015 OAKLAND CITY,59,58,0,0,33,,,,
,0016 NORTH CALAPOOIA,106,114,0,0,69,,,,
,0017 SUTHERLIN EAST,285,315,0,0,145,,,,
,0018 SUTHERLIN WEST,130,137,0,0,72,,,,
,0019 FAIR OAKS,116,117,0,0,83,,,,
,0020 MELROSE SOUTH,84,72,0,0,41,,,,
,0021 WILBUR,71,62,0,0,37,,,,
,0022 COLES VALLEY,60,51,0,0,38,,,,
,0023 GARDEN VALLEY,94,78,0,0,67,,,,
,0024 LITTLE RIVER,176,142,1,0,113,,,,
,0025 GLIDE,137,114,0,0,64,,,,
,0026 CLARKS BRANCH,0,1,0,0,0,,,,
,0027 DIXONVILLE,45,46,0,0,59,,,,
,0028 MILL EAST,18,24,0,0,15,,,,
,0029 WINCHESTER,199,185,0,0,93,,,,
,0030 NEWTON CREEK,125,125,2,0,65,,,,
,0031 MEADOWDALE,96,72,0,0,35,,,,
,0032 RIDDLE COUNTY WEST,16,14,0,0,6,,,,
,0033 SWEETBRIER,44,71,0,0,27,,,,
,0034 CHARTER OAKS,55,45,0,0,30,,,,
,0035 RIVERSDALE,92,65,1,0,48,,,,
,0036 HUCREST,170,144,0,0,84,,,,
,0037 KEASEY,164,146,3,1,78,,,,
,0038 EDENBOWER,152,146,0,0,71,,,,
,0039 DEER CREEK,93,85,0,0,52,,,,
,0040 BENSON,69,72,0,0,44,,,,
,0041 HAWTHORNE,134,98,0,0,55,,,,
,0042 HERMANN,76,85,0,0,36,,,,
,0043 LANE,92,85,0,0,54,,,,
,0044 LAURELWOOD,41,53,1,0,28,,,,
,0045 FAIRHAVEN,54,38,0,0,21,,,,
,0046 BROWN,151,146,1,0,58,,,,
,0047 ORCHARD,97,61,0,0,53,,,,
,0048 WEST PARK,39,31,0,0,14,,,,
,0049 PARROTT,100,97,0,0,50,,,,
,0050 HAPPY VALLEY,278,328,0,0,136,,,,
,0051 GREEN,71,54,0,0,32,,,,
,0052 CIVIL BEND,41,33,0,0,17,,,,
,0053 WINSTON #1,138,120,0,0,62,,,,
,0054 WINSTON #2,197,135,0,0,84,,,,
,0055 DILLARD,114,80,0,0,46,,,,
,0056 MELROSE,191,133,0,0,108,,,,
,0057 LOOKINGGLASS,80,74,0,0,48,,,,
,0058 OLALLA,132,99,0,0,65,,,,
,0059 CAMAS VALLEY,39,36,0,0,34,,,,
,0060 MYRTLE CREEK #1,96,55,0,0,42,,,,
,0061 MYRTLE CREEK #2,90,80,0,0,42,,,,
,0062 MYRTLE CREEK COUNTY,113,109,0,0,71,,,,
,0063 TRI CITY,214,234,4,1,115,,,,
,0064 RIDDLE CITY,53,46,0,0,18,,,,
,0065 RIDDLE COUNTY EAST,55,62,0,0,35,,,,
,0066 CANYONVILLE CITY,86,98,0,0,42,,,,
,0067 CANYONVILLE COUNTY,50,51,0,0,17,,,,
,0068 DAYS CREEK,45,43,0,0,35,,,,
,0069 TILLER,32,16,1,0,19,,,,
,0070 GLENDALE/AZALEA,101,107,1,0,53,,,,
,0071 GLENDALE CITY,21,42,0,0,25,,,,
,0072 GLENDALE COUNY,0,7,0,0,5,,,,
,TOTAL,6528,6080,18,3,3430,,,,
"State Senator, 1st District (DEM)",Precinct,Eldon Rollins,WI,OV,UV,,,,,
,0020 MELROSE SOUTH,107,1,0,89,,,,,
,0026 CLARKS BRANCH,1,0,0,0,,,,,
,0027 DIXONVILLE,65,2,0,83,,,,,
,0028 MILL EAST,32,0,0,25,,,,,
,0029 WINCHESTER,310,3,0,164,,,,,
,0030 NEWTON CREEK,197,5,0,115,,,,,
,0031 MEADOWDALE,134,0,0,69,,,,,
,0032 RIDDLE COUNTY WEST,23,0,0,13,,,,,
,0033 SWEETBRIER,77,3,0,62,,,,,
,0034 CHARTER OAKS,73,0,0,57,,,,,
,0035 RIVERSDALE,104,3,0,99,,,,,
,0036 HUCREST,244,0,0,154,,,,,
,0037 KEASEY,237,4,0,151,,,,,
,0038 EDENBOWER,225,4,0,140,,,,,
,0039 DEER CREEK,116,3,0,111,,,,,
,0040 BENSON,98,1,0,86,,,,,
,0041 HAWTHORNE,181,2,0,104,,,,,
,0042 HERMANN,131,1,0,65,,,,,
,0043 LANE,133,3,0,95,,,,,
,0044 LAURELWOOD,68,2,0,53,,,,,
,0045 FAIRHAVEN,69,0,0,44,,,,,
,0046 BROWN,239,5,0,112,,,,,
,0047 ORCHARD,127,0,0,84,,,,,
,0048 WEST PARK,54,0,0,30,,,,,
,0049 PARROTT,155,6,0,86,,,,,
,0050 HAPPY VALLEY,476,10,0,256,,,,,
,0051 GREEN,100,2,0,55,,,,,
,0052 CIVIL BEND,62,1,0,28,,,,,
,0053 WINSTON #1,197,5,0,118,,,,,
,0054 WINSTON #2,248,4,0,164,,,,,
,0055 DILLARD,135,3,0,102,,,,,
,0057 LOOKINGGLASS,116,2,0,84,,,,,
,0058 OLALLA,180,2,0,114,,,,,
,0059 CAMAS VALLEY,46,0,0,63,,,,,
,0060 MYRTLE CREEK #1,117,0,0,76,,,,,
,0061 MYRTLE CREEK #2,136,1,0,75,,,,,
,0062 MYRTLE CREEK COUNTY,155,3,0,135,,,,,
,0063 TRI CITY,337,7,0,224,,,,,
,0064 RIDDLE CITY,74,4,0,39,,,,,
,0065 RIDDLE COUNTY EAST,82,3,0,67,,,,,
,0066 CANYONVILLE CITY,140,3,0,83,,,,,
,0067 CANYONVILLE COUNTY,70,2,0,46,,,,,
,0068 DAYS CREEK,65,0,0,58,,,,,
,0070 GLENDALE/AZALEA,158,1,0,103,,,,,
,0071 GLENDALE CITY,46,3,0,39,,,,,
,0072 GLENDALE COUNY,4,0,0,8,,,,,
,TOTAL,6144,104,0,4028,,,,,
"State Senator, 5th District (DEM)",Precinct,Joanne Verger,WI,OV,UV,,,,,
,0001 GARDINER,69,0,0,27,,,,,
,0003 PIONEER,225,3,0,55,,,,,
,0004 HIGHLAND,209,0,0,59,,,,,
,0005 FOREST HILLS,208,3,0,63,,,,,
,0006 DEANS CREEK,49,0,0,20,,,,,
,0007 WINCHESTER BAY,86,0,0,25,,,,,
,TOTAL,846,6,,249,,,,,
"State Representative, 1st District (DEM)",Precinct,Richard (Rick) Goche,WI,OV,UV,,,,,
,0020 MELROSE SOUTH,102,2,0,93,,,,,
,0026 CLARKS BRANCH,1,0,0,0,,,,,
,0032 RIDDLE COUNTY WEST,20,0,0,16,,,,,
,0034 CHARTER OAKS,72,0,0,58,,,,,
,0051 GREEN,102,0,0,55,,,,,
,0052 CIVIL BEND,64,0,0,27,,,,,
,0053 WINSTON #1,206,1,0,113,,,,,
,0054 WINSTON #2,251,5,0,160,,,,,
,0055 DILLARD,136,3,0,101,,,,,
,0057 LOOKINGGLASS,120,2,0,80,,,,,
,0058 OLALLA,189,1,0,106,,,,,
,0059 CAMAS VALLEY,53,0,0,56,,,,,
,0072 GLENDALE COUNY,6,0,0,6,,,,,
,TOTAL,1322,14,0,871,,,,,
"State Representative, 2nd District (DEM)",Precinct,Harry McDermott,WI,OV,UV,,,,,
,0027 DIXONVILLE,63,4,0,83,,,,,
,0028 MILL EAST,30,1,0,26,,,,,
,0029 WINCHESTER,305,4,0,168,,,,,
,0030 NEWTON CREEK,196,4,0,117,,,,,
,0031 MEADOWDALE,133,1,0,69,,,,,
,0033 SWEETBRIER,81,3,0,58,,,,,
,0035 RIVERSDALE,102,2,0,102,,,,,
,0036 HUCREST,245,6,0,147,,,,,
,0037 KEASEY,241,3,0,148,,,,,
,0038 EDENBOWER,225,3,0,141,,,,,
,0039 DEER CREEK,120,1,0,109,,,,,
,0040 BENSON,94,2,0,89,,,,,
,0041 HAWTHORNE,187,4,0,96,,,,,
,0042 HERMANN,134,4,0,59,,,,,
,0043 LANE,130,2,0,99,,,,,
,0044 LAURELWOOD,72,2,0,49,,,,,
,0045 FAIRHAVEN,72,0,0,41,,,,,
,0046 BROWN,233,8,0,115,,,,,
,0047 ORCHARD,129,1,0,81,,,,,
,0048 WEST PARK,57,0,0,27,,,,,
,0049 PARROTT,159,6,0,82,,,,,
,0050 HAPPY VALLEY,490,9,0,243,,,,,
,0060 MYRTLE CREEK #1,113,1,0,79,,,,,
,0061 MYRTLE CREEK #2,134,4,0,74,,,,,
,0062 MYRTLE CREEK COUNTY,158,3,0,132,,,,,
,0063 TRI CITY,340,7,0,221,,,,,
,0064 RIDDLE CITY,70,5,0,42,,,,,
,0065 RIDDLE COUNTY EAST,85,1,0,66,,,,,
,0066 CANYONVILLE CITY,140,4,0,82,,,,,
,0067 CANYONVILLE COUNTY,75,0,0,43,,,,,
,0068 DAYS CREEK,65,0,0,58,,,,,
,0070 GLENDALE/AZALEA,161,1,0,100,,,,,
,0071 GLENDALE CITY,50,2,0,36,,,,,
,TOTAL,4889,98,0,3082,,,,,
"State Representative, 7th District (DEM)",Precinct,G. Nick McKibbin,Donald Nordin,WI,OV,UV,,,,
,0002 SMITH RIVER,2,2,0,0,8,,,,
,0008 LOON LAKE,9,5,0,0,4,,,,
,0009 EAST ELKTON,77,66,1,2,64,,,,
,0010 ELKTON CITY,12,10,0,0,9,,,,
,0011 DRAIN CITY,35,49,0,0,49,,,,
,0012 NORTH DRAIN COUNTY,54,96,1,0,67,,,,
,0013 YONCALLA COUNTY,76,102,1,0,91,,,,
,0014 YONCALLA CITY,44,49,2,0,51,,,,
,0015 OAKLAND CITY,61,58,1,0,30,,,,
,0016 NORTH CALAPOOIA,105,106,3,0,75,,,,
,0017 SUTHERLIN EAST,249,291,2,0,203,,,,
,0018 SUTHERLIN WEST,117,114,2,0,106,,,,
,0019 FAIR OAKS,104,92,3,0,117,,,,
,0021 WILBUR,51,54,2,0,63,,,,
,0022 COLES VALLEY,46,47,0,0,56,,,,
,0023 GARDEN VALLEY,65,72,1,0,101,,,,
,0024 LITTLE RIVER,127,137,5,0,163,,,,
,0025 GLIDE,113,96,0,0,106,,,,
,0056 MELROSE,144,126,5,0,157,,,,
,0069 TILLER,17,24,2,0,25,,,,
,TOTAL,1508,1596,31,2,1545,,,,
"State Representative, 9th District (DEM)",Precinct,Arnie Roblan,WI,OV,UV,,,,,
,0001 GARDINER,65,2,0,29,,,,,
,0003 PIONEER,217,1,0,65,,,,,
,0004 HIGHLAND,202,0,0,66,,,,,
,0005 FOREST HILLS,206,2,0,66,,,,,
,0006 DEANS CREEK,44,0,0,25,,,,,
,0007 WINCHESTER BAY,78,0,0,33,,,,,
,TOTAL,812,5,0,284,,,,,
President (REP),Precinct,John McCain,Ron Paul,WI,OV,UV,,,,
,0001 GARDINER,47,14,3,0,4,,,,
,0002 SMITH RIVER,10,4,1,0,1,,,,
,0003 PIONEER,121,31,8,0,7,,,,
,0004 HIGHLAND,103,38,6,0,9,,,,
,0005 FOREST HILLS,175,36,10,0,11,,,,
,0006 DEANS CREEK,47,11,3,0,3,,,,
,0007 WINCHESTER BAY,57,13,5,0,4,,,,
,0008 LOON LAKE,3,10,1,0,0,,,,
,0009 EAST ELKTON,169,36,12,0,23,,,,
,0010 ELKTON CITY,17,4,4,0,3,,,,
,0011 DRAIN CITY,97,32,5,0,6,,,,
,0012 NORTH DRAIN COUNTY,151,37,6,0,15,,,,
,0013 YONCALLA COUNTY,246,64,10,1,17,,,,
,0014 YONCALLA CITY,115,31,4,0,4,,,,
,0015 OAKLAND CITY,85,30,2,0,6,,,,
,0016 NORTH CALAPOOIA,237,81,16,0,26,,,,
,0017 SUTHERLIN EAST,590,122,26,0,46,,,,
,0018 SUTHERLIN WEST,325,54,20,0,19,,,,
,0019 FAIR OAKS,240,84,18,0,14,,,,
,0020 MELROSE SOUTH,281,45,12,0,11,,,,
,0021 WILBUR,235,52,18,0,16,,,,
,0022 COLES VALLEY,146,54,5,0,15,,,,
,0023 GARDEN VALLEY,312,43,15,0,22,,,,
,0024 LITTLE RIVER,396,87,24,0,36,,,,
,0025 GLIDE,235,66,12,0,22,,,,
,0026 CLARKS BRANCH,14,1,0,0,0,,,,
,0027 DIXONVILLE,196,40,10,0,27,,,,
,0028 MILL EAST,70,12,5,0,6,,,,
,0029 WINCHESTER,493,65,14,0,33,,,,
,0030 NEWTON CREEK,200,33,15,0,19,,,,
,0031 MEADOWDALE,130,36,6,0,10,,,,
,0032 RIDDLE COUNTY WEST,22,3,3,0,2,,,,
,0033 SWEETBRIER,142,17,8,0,12,,,,
,0034 CHARTER OAKS,154,24,5,0,9,,,,
,0035 RIVERSDALE,385,65,19,0,40,,,,
,0036 HUCREST,502,69,36,0,47,,,,
,0037 KEASEY,394,47,19,0,44,,,,
,0038 EDENBOWER,210,47,7,0,26,,,,
,0039 DEER CREEK,134,38,7,0,7,,,,
,0040 BENSON,158,21,7,0,10,,,,
,0041 HAWTHORNE,216,33,12,0,11,,,,
,0042 HERMANN,116,29,9,0,14,,,,
,0043 LANE,101,31,9,1,7,,,,
,0044 LAURELWOOD,105,26,1,0,8,,,,
,0045 FAIRHAVEN,78,12,2,0,5,,,,
,0046 BROWN,283,57,13,0,24,,,,
,0047 ORCHARD,161,37,9,0,14,,,,
,0048 WEST PARK,79,10,3,0,11,,,,
,0049 PARROTT,178,41,10,0,20,,,,
,0050 HAPPY VALLEY,620,120,42,0,46,,,,
,0051 GREEN,185,34,8,0,11,,,,
,0052 CIVIL BEND,125,20,3,0,9,,,,
,0053 WINSTON #1,258,45,12,0,16,,,,
,0054 WINSTON #2,246,49,15,2,19,,,,
,0055 DILLARD,136,26,7,0,13,,,,
,0056 MELROSE,462,89,21,0,26,,,,
,0057 LOOKINGGLASS,266,41,9,0,14,,,,
,0058 OLALLA,184,63,10,0,23,,,,
,0059 CAMAS VALLEY,113,21,5,0,8,,,,
,0060 MYRTLE CREEK #1,164,39,4,0,12,,,,
,0061 MYRTLE CREEK #2,202,32,5,0,19,,,,
,0062 MYRTLE CREEK COUNTY,290,65,23,0,23,,,,
,0063 TRI CITY,382,82,8,0,22,,,,
,0064 RIDDLE CITY,95,17,2,0,4,,,,
,0065 RIDDLE COUNTY EAST,114,20,8,0,5,,,,
,0066 CANYONVILLE CITY,197,46,8,0,13,,,,
,0067 CANYONVILLE COUNTY,117,27,2,0,9,,,,
,0068 DAYS CREEK,83,26,7,0,8,,,,
,0069 TILLER,74,14,3,0,3,,,,
,0070 GLENDALE/AZALEA,219,40,21,0,19,,,,
,0071 GLENDALE CITY,61,6,5,0,2,,,,
,0072 GLENDALE COUNY,4,3,0,0,0,,,,
,TOTAL,13558,2798,703,4,1070,,,,
US Senator (REP),Precinct,Gordon H. Smith,Gordon Leitch,WI,OV,UV,,,,
,0001 GARDINER,48,15,1,0,4,,,,
,0002 SMITH RIVER,14,2,0,0,0,,,,
,0003 PIONEER,131,21,0,0,15,,,,
,0004 HIGHLAND,125,24,2,0,5,,,,
,0005 FOREST HILLS,179,37,1,0,15,,,,
,0006 DEANS CREEK,48,13,1,0,2,,,,
,0007 WINCHESTER BAY,55,17,0,0,7,,,,
,0008 LOON LAKE,9,4,0,0,1,,,,
,0009 EAST ELKTON,190,36,0,0,14,,,,
,0010 ELKTON CITY,20,2,0,0,6,,,,
,0011 DRAIN CITY,102,28,0,0,10,,,,
,0012 NORTH DRAIN COUNTY,153,33,2,0,21,,,,
,0013 YONCALLA COUNTY,232,67,1,0,38,,,,
,0014 YONCALLA CITY,103,37,1,0,13,,,,
,0015 OAKLAND CITY,87,28,0,0,8,,,,
,0016 NORTH CALAPOOIA,261,70,1,0,28,,,,
,0017 SUTHERLIN EAST,597,125,1,0,61,,,,
,0018 SUTHERLIN WEST,328,60,1,0,29,,,,
,0019 FAIR OAKS,276,53,3,0,24,,,,
,0020 MELROSE SOUTH,278,48,3,0,20,,,,
,0021 WILBUR,257,36,1,0,27,,,,
,0022 COLES VALLEY,161,28,1,0,30,,,,
,0023 GARDEN VALLEY,293,60,0,0,39,,,,
,0024 LITTLE RIVER,426,75,1,0,41,,,,
,0025 GLIDE,255,51,0,0,29,,,,
,0026 CLARKS BRANCH,11,4,0,0,0,,,,
,0027 DIXONVILLE,208,27,1,0,37,,,,
,0028 MILL EAST,73,10,1,0,9,,,,
,0029 WINCHESTER,496,66,4,0,39,,,,
,0030 NEWTON CREEK,211,35,2,0,19,,,,
,0031 MEADOWDALE,144,22,0,0,16,,,,
,0032 RIDDLE COUNTY WEST,18,7,0,0,5,,,,
,0033 SWEETBRIER,136,29,0,0,14,,,,
,0034 CHARTER OAKS,159,25,0,0,8,,,,
,0035 RIVERSDALE,426,51,5,0,27,,,,
,0036 HUCREST,545,68,0,0,41,,,,
,0037 KEASEY,394,63,1,0,46,,,,
,0038 EDENBOWER,213,44,1,0,32,,,,
,0039 DEER CREEK,137,28,2,0,19,,,,
,0040 BENSON,162,21,1,0,12,,,,
,0041 HAWTHORNE,219,24,1,0,28,,,,
,0042 HERMANN,128,25,0,0,15,,,,
,0043 LANE,111,21,2,0,15,,,,
,0044 LAURELWOOD,112,15,0,0,13,,,,
,0045 FAIRHAVEN,82,10,0,0,5,,,,
,0046 BROWN,307,38,0,0,32,,,,
,0047 ORCHARD,174,29,1,0,17,,,,
,0048 WEST PARK,82,10,0,0,11,,,,
,0049 PARROTT,175,45,2,1,26,,,,
,0050 HAPPY VALLEY,641,122,3,2,60,,,,
,0051 GREEN,172,49,0,0,17,,,,
,0052 CIVIL BEND,119,21,0,0,17,,,,
,0053 WINSTON #1,250,54,2,0,25,,,,
,0054 WINSTON #2,271,42,0,0,18,,,,
,0055 DILLARD,143,20,0,0,19,,,,
,0056 MELROSE,454,92,1,0,51,,,,
,0057 LOOKINGGLASS,247,45,2,0,36,,,,
,0058 OLALLA,210,48,1,1,20,,,,
,0059 CAMAS VALLEY,119,19,1,0,8,,,,
,0060 MYRTLE CREEK #1,164,36,2,0,17,,,,
,0061 MYRTLE CREEK #2,204,36,0,0,18,,,,
,0062 MYRTLE CREEK COUNTY,286,81,1,1,32,,,,
,0063 TRI CITY,383,82,1,0,28,,,,
,0064 RIDDLE CITY,91,17,3,0,7,,,,
,0065 RIDDLE COUNTY EAST,97,25,2,0,23,,,,
,0066 CANYONVILLE CITY,204,38,1,0,21,,,,
,0067 CANYONVILLE COUNTY,118,26,0,0,11,,,,
,0068 DAYS CREEK,93,21,2,0,8,,,,
,0069 TILLER,72,8,0,0,14,,,,
,0070 GLENDALE/AZALEA,222,43,1,0,33,,,,
,0071 GLENDALE CITY,60,10,0,0,4,,,,
,0072 GLENDALE COUNY,6,1,0,0,0,,,,
,TOTAL,13977,2623,68,5,1460,,,,
"US Representative, Dist 4 (REP)",Precinct,WI,OV,UV,,,,,,
,0001 GARDINER,2,0,66,,,,,,
,0002 SMITH RIVER,0,0,16,,,,,,
,0003 PIONEER,4,0,163,,,,,,
,0004 HIGHLAND,3,0,153,,,,,,
,0005 FOREST HILLS,10,0,222,,,,,,
,0006 DEANS CREEK,1,0,63,,,,,,
,0007 WINCHESTER BAY,4,0,75,,,,,,
,0008 LOON LAKE,0,0,14,,,,,,
,0009 EAST ELKTON,4,0,236,,,,,,
,0010 ELKTON CITY,1,0,27,,,,,,
,0011 DRAIN CITY,2,0,138,,,,,,
,0012 NORTH DRAIN COUNTY,2,0,207,,,,,,
,0013 YONCALLA COUNTY,19,0,319,,,,,,
,0014 YONCALLA CITY,5,0,149,,,,,,
,0015 OAKLAND CITY,4,0,119,,,,,,
,0016 NORTH CALAPOOIA,16,0,344,,,,,,
,0017 SUTHERLIN EAST,26,0,758,,,,,,
,0018 SUTHERLIN WEST,9,0,409,,,,,,
,0019 FAIR OAKS,14,0,342,,,,,,
,0020 MELROSE SOUTH,9,0,340,,,,,,
,0021 WILBUR,7,0,314,,,,,,
,0022 COLES VALLEY,9,0,211,,,,,,
,0023 GARDEN VALLEY,14,0,378,,,,,,
,0024 LITTLE RIVER,25,0,518,,,,,,
,0025 GLIDE,11,0,324,,,,,,
,0026 CLARKS BRANCH,2,0,13,,,,,,
,0027 DIXONVILLE,12,0,261,,,,,,
,0028 MILL EAST,4,0,89,,,,,,
,0029 WINCHESTER,13,0,592,,,,,,
,0030 NEWTON CREEK,11,0,256,,,,,,
,0031 MEADOWDALE,2,0,180,,,,,,
,0032 RIDDLE COUNTY WEST,0,0,30,,,,,,
,0033 SWEETBRIER,7,0,172,,,,,,
,0034 CHARTER OAKS,7,0,185,,,,,,
,0035 RIVERSDALE,18,0,491,,,,,,
,0036 HUCREST,12,0,642,,,,,,
,0037 KEASEY,19,0,485,,,,,,
,0038 EDENBOWER,6,0,284,,,,,,
,0039 DEER CREEK,7,0,179,,,,,,
,0040 BENSON,7,0,189,,,,,,
,0041 HAWTHORNE,9,0,263,,,,,,
,0042 HERMANN,10,0,158,,,,,,
,0043 LANE,13,0,136,,,,,,
,0044 LAURELWOOD,2,0,138,,,,,,
,0045 FAIRHAVEN,4,0,93,,,,,,
,0046 BROWN,14,0,363,,,,,,
,0047 ORCHARD,5,0,216,,,,,,
,0048 WEST PARK,0,0,103,,,,,,
,0049 PARROTT,13,0,236,,,,,,
,0050 HAPPY VALLEY,21,0,807,,,,,,
,0051 GREEN,5,0,233,,,,,,
,0052 CIVIL BEND,4,0,153,,,,,,
,0053 WINSTON #1,9,0,322,,,,,,
,0054 WINSTON #2,11,0,320,,,,,,
,0055 DILLARD,13,0,169,,,,,,
,0056 MELROSE,24,0,574,,,,,,
,0057 LOOKINGGLASS,17,0,313,,,,,,
,0058 OLALLA,7,0,273,,,,,,
,0059 CAMAS VALLEY,4,0,143,,,,,,
,0060 MYRTLE CREEK #1,17,0,202,,,,,,
,0061 MYRTLE CREEK #2,13,0,245,,,,,,
,0062 MYRTLE CREEK COUNTY,18,0,383,,,,,,
,0063 TRI CITY,23,0,471,,,,,,
,0064 RIDDLE CITY,2,0,116,,,,,,
,0065 RIDDLE COUNTY EAST,5,0,142,,,,,,
,0066 CANYONVILLE CITY,6,0,258,,,,,,
,0067 CANYONVILLE COUNTY,5,0,150,,,,,,
,0068 DAYS CREEK,1,0,123,,,,,,
,0069 TILLER,4,0,90,,,,,,
,0070 GLENDALE/AZALEA,7,0,292,,,,,,
,0071 GLENDALE CITY,4,0,70,,,,,,
,0072 GLENDALE COUNY,0,0,7,,,,,,
,TOTAL,618,0,17515,,,,,,
Secretary of State (REP),Precinct,Rick Dancer,WI,OV,UV,,,,,
,0001 GARDINER,44,1,0,23,,,,,
,0002 SMITH RIVER,13,0,0,3,,,,,
,0003 PIONEER,131,0,0,36,,,,,
,0004 HIGHLAND,128,0,0,28,,,,,
,0005 FOREST HILLS,191,1,0,40,,,,,
,0006 DEANS CREEK,57,1,0,6,,,,,
,0007 WINCHESTER BAY,56,1,0,22,,,,,
,0008 LOON LAKE,7,0,0,7,,,,,
,0009 EAST ELKTON,197,0,0,43,,,,,
,0010 ELKTON CITY,14,0,0,14,,,,,
,0011 DRAIN CITY,123,0,0,17,,,,,
,0012 NORTH DRAIN COUNTY,161,1,0,47,,,,,
,0013 YONCALLA COUNTY,274,1,0,63,,,,,
,0014 YONCALLA CITY,114,1,0,39,,,,,
,0015 OAKLAND CITY,89,3,0,31,,,,,
,0016 NORTH CALAPOOIA,247,1,0,112,,,,,
,0017 SUTHERLIN EAST,601,4,0,179,,,,,
,0018 SUTHERLIN WEST,311,1,0,106,,,,,
,0019 FAIR OAKS,278,1,0,77,,,,,
,0020 MELROSE SOUTH,254,0,0,95,,,,,
,0021 WILBUR,218,3,0,100,,,,,
,0022 COLES VALLEY,150,1,0,69,,,,,
,0023 GARDEN VALLEY,282,0,0,110,,,,,
,0024 LITTLE RIVER,398,1,0,144,,,,,
,0025 GLIDE,226,1,0,108,,,,,
,0026 CLARKS BRANCH,8,0,0,7,,,,,
,0027 DIXONVILLE,182,3,0,88,,,,,
,0028 MILL EAST,57,0,0,36,,,,,
,0029 WINCHESTER,446,6,0,153,,,,,
,0030 NEWTON CREEK,203,2,0,62,,,,,
,0031 MEADOWDALE,136,0,0,46,,,,,
,0032 RIDDLE COUNTY WEST,21,0,0,9,,,,,
,0033 SWEETBRIER,130,0,0,49,,,,,
,0034 CHARTER OAKS,137,1,0,54,,,,,
,0035 RIVERSDALE,357,2,0,150,,,,,
,0036 HUCREST,470,1,0,183,,,,,
,0037 KEASEY,363,1,0,140,,,,,
,0038 EDENBOWER,216,0,0,74,,,,,
,0039 DEER CREEK,134,0,0,52,,,,,
,0040 BENSON,162,2,0,32,,,,,
,0041 HAWTHORNE,199,0,0,73,,,,,
,0042 HERMANN,124,0,0,44,,,,,
,0043 LANE,114,1,0,34,,,,,
,0044 LAURELWOOD,104,1,0,35,,,,,
,0045 FAIRHAVEN,72,1,0,24,,,,,
,0046 BROWN,289,0,0,88,,,,,
,0047 ORCHARD,175,1,0,45,,,,,
,0048 WEST PARK,63,0,0,40,,,,,
,0049 PARROTT,171,3,0,75,,,,,
,0050 HAPPY VALLEY,618,3,0,207,,,,,
,0051 GREEN,179,0,0,59,,,,,
,0052 CIVIL BEND,121,1,0,35,,,,,
,0053 WINSTON #1,259,3,0,69,,,,,
,0054 WINSTON #2,260,0,0,71,,,,,
,0055 DILLARD,113,1,0,68,,,,,
,0056 MELROSE,397,2,0,199,,,,,
,0057 LOOKINGGLASS,222,4,0,104,,,,,
,0058 OLALLA,192,1,0,87,,,,,
,0059 CAMAS VALLEY,116,1,0,30,,,,,
,0060 MYRTLE CREEK #1,163,2,0,54,,,,,
,0061 MYRTLE CREEK #2,207,2,0,49,,,,,
,0062 MYRTLE CREEK COUNTY,303,1,1,96,,,,,
,0063 TRI CITY,378,4,0,112,,,,,
,0064 RIDDLE CITY,81,1,0,36,,,,,
,0065 RIDDLE COUNTY EAST,97,2,0,48,,,,,
,0066 CANYONVILLE CITY,203,2,0,59,,,,,
,0067 CANYONVILLE COUNTY,113,0,0,42,,,,,
,0068 DAYS CREEK,98,2,0,24,,,,,
,0069 TILLER,57,0,0,37,,,,,
,0070 GLENDALE/AZALEA,199,1,0,99,,,,,
,0071 GLENDALE CITY,61,0,0,13,,,,,
,0072 GLENDALE COUNY,6,0,0,1,,,,,
,TOTAL,13340,81,1,4711,,,,,
State Treasurer (REP),Precinct,Allen Alley,WI,OV,UV,,,,,
,0001 GARDINER,38,0,0,30,,,,,
,0002 SMITH RIVER,10,0,0,6,,,,,
,0003 PIONEER,111,0,0,56,,,,,
,0004 HIGHLAND,101,1,0,54,,,,,
,0005 FOREST HILLS,147,3,0,82,,,,,
,0006 DEANS CREEK,52,1,0,11,,,,,
,0007 WINCHESTER BAY,47,1,0,31,,,,,
,0008 LOON LAKE,4,0,0,10,,,,,
,0009 EAST ELKTON,162,1,0,77,,,,,
,0010 ELKTON CITY,6,0,0,22,,,,,
,0011 DRAIN CITY,101,0,0,39,,,,,
,0012 NORTH DRAIN COUNTY,139,0,0,70,,,,,
,0013 YONCALLA COUNTY,222,2,0,114,,,,,
,0014 YONCALLA CITY,95,4,0,55,,,,,
,0015 OAKLAND CITY,82,3,0,38,,,,,
,0016 NORTH CALAPOOIA,199,2,0,159,,,,,
,0017 SUTHERLIN EAST,516,7,0,261,,,,,
,0018 SUTHERLIN WEST,269,2,0,147,,,,,
,0019 FAIR OAKS,243,2,0,111,,,,,
,0020 MELROSE SOUTH,203,3,0,143,,,,,
,0021 WILBUR,196,1,0,124,,,,,
,0022 COLES VALLEY,132,2,0,86,,,,,
,0023 GARDEN VALLEY,242,0,0,150,,,,,
,0024 LITTLE RIVER,338,2,0,203,,,,,
,0025 GLIDE,194,1,0,140,,,,,
,0026 CLARKS BRANCH,7,0,0,8,,,,,
,0027 DIXONVILLE,161,1,0,111,,,,,
,0028 MILL EAST,48,0,0,45,,,,,
,0029 WINCHESTER,372,6,0,227,,,,,
,0030 NEWTON CREEK,176,1,0,90,,,,,
,0031 MEADOWDALE,118,0,0,64,,,,,
,0032 RIDDLE COUNTY WEST,22,0,0,8,,,,,
,0033 SWEETBRIER,112,2,0,65,,,,,
,0034 CHARTER OAKS,118,0,0,74,,,,,
,0035 RIVERSDALE,311,2,0,196,,,,,
,0036 HUCREST,411,4,0,239,,,,,
,0037 KEASEY,309,2,0,193,,,,,
,0038 EDENBOWER,182,0,0,108,,,,,
,0039 DEER CREEK,111,0,0,75,,,,,
,0040 BENSON,142,0,0,54,,,,,
,0041 HAWTHORNE,169,1,0,102,,,,,
,0042 HERMANN,103,0,0,65,,,,,
,0043 LANE,88,3,0,58,,,,,
,0044 LAURELWOOD,86,1,0,53,,,,,
,0045 FAIRHAVEN,57,2,0,38,,,,,
,0046 BROWN,239,0,0,138,,,,,
,0047 ORCHARD,144,2,0,75,,,,,
,0048 WEST PARK,52,0,0,51,,,,,
,0049 PARROTT,143,4,0,102,,,,,
,0050 HAPPY VALLEY,542,1,0,285,,,,,
,0051 GREEN,158,0,0,80,,,,,
,0052 CIVIL BEND,102,0,0,55,,,,,
,0053 WINSTON #1,206,0,0,125,,,,,
,0054 WINSTON #2,218,0,0,113,,,,,
,0055 DILLARD,98,2,0,82,,,,,
,0056 MELROSE,355,5,0,238,,,,,
,0057 LOOKINGGLASS,186,1,0,143,,,,,
,0058 OLALLA,174,1,0,105,,,,,
,0059 CAMAS VALLEY,93,2,0,52,,,,,
,0060 MYRTLE CREEK #1,144,1,0,74,,,,,
,0061 MYRTLE CREEK #2,173,2,0,83,,,,,
,0062 MYRTLE CREEK COUNTY,265,3,0,133,,,,,
,0063 TRI CITY,340,5,0,149,,,,,
,0064 RIDDLE CITY,75,1,0,42,,,,,
,0065 RIDDLE COUNTY EAST,82,1,0,64,,,,,
,0066 CANYONVILLE CITY,188,1,0,75,,,,,
,0067 CANYONVILLE COUNTY,95,0,0,60,,,,,
,0068 DAYS CREEK,81,1,0,42,,,,,
,0069 TILLER,53,0,0,41,,,,,
,0070 GLENDALE/AZALEA,180,2,0,117,,,,,
,0071 GLENDALE CITY,58,0,0,16,,,,,
,0072 GLENDALE COUNY,6,0,0,1,,,,,
,TOTAL,11402,98,0,6633,,,,,
Attorney General (REP),Precinct,WI,OV,UV,,,,,,
,0001 GARDINER,0,0,68,,,,,,
,0002 SMITH RIVER,0,0,16,,,,,,
,0003 PIONEER,0,0,167,,,,,,
,0004 HIGHLAND,3,0,153,,,,,,
,0005 FOREST HILLS,6,0,226,,,,,,
,0006 DEANS CREEK,1,0,63,,,,,,
,0007 WINCHESTER BAY,2,0,77,,,,,,
,0008 LOON LAKE,0,0,14,,,,,,
,0009 EAST ELKTON,3,0,237,,,,,,
,0010 ELKTON CITY,0,0,28,,,,,,
,0011 DRAIN CITY,2,0,138,,,,,,
,0012 NORTH DRAIN COUNTY,5,0,204,,,,,,
,0013 YONCALLA COUNTY,21,0,317,,,,,,
,0014 YONCALLA CITY,5,0,149,,,,,,
,0015 OAKLAND CITY,4,0,119,,,,,,
,0016 NORTH CALAPOOIA,10,0,350,,,,,,
,0017 SUTHERLIN EAST,18,0,766,,,,,,
,0018 SUTHERLIN WEST,9,0,409,,,,,,
,0019 FAIR OAKS,6,0,350,,,,,,
,0020 MELROSE SOUTH,10,0,339,,,,,,
,0021 WILBUR,3,0,318,,,,,,
,0022 COLES VALLEY,3,0,217,,,,,,
,0023 GARDEN VALLEY,14,0,378,,,,,,
,0024 LITTLE RIVER,20,0,523,,,,,,
,0025 GLIDE,9,0,326,,,,,,
,0026 CLARKS BRANCH,2,0,13,,,,,,
,0027 DIXONVILLE,8,0,265,,,,,,
,0028 MILL EAST,3,0,90,,,,,,
,0029 WINCHESTER,13,0,592,,,,,,
,0030 NEWTON CREEK,13,0,254,,,,,,
,0031 MEADOWDALE,7,0,175,,,,,,
,0032 RIDDLE COUNTY WEST,0,0,30,,,,,,
,0033 SWEETBRIER,8,0,171,,,,,,
,0034 CHARTER OAKS,6,0,186,,,,,,
,0035 RIVERSDALE,6,0,503,,,,,,
,0036 HUCREST,13,0,641,,,,,,
,0037 KEASEY,15,0,489,,,,,,
,0038 EDENBOWER,5,0,285,,,,,,
,0039 DEER CREEK,3,0,183,,,,,,
,0040 BENSON,3,0,193,,,,,,
,0041 HAWTHORNE,5,0,267,,,,,,
,0042 HERMANN,6,0,162,,,,,,
,0043 LANE,10,0,139,,,,,,
,0044 LAURELWOOD,2,0,138,,,,,,
,0045 FAIRHAVEN,2,0,95,,,,,,
,0046 BROWN,8,0,369,,,,,,
,0047 ORCHARD,4,0,217,,,,,,
,0048 WEST PARK,0,0,103,,,,,,
,0049 PARROTT,11,0,238,,,,,,
,0050 HAPPY VALLEY,14,0,814,,,,,,
,0051 GREEN,3,0,235,,,,,,
,0052 CIVIL BEND,2,0,155,,,,,,
,0053 WINSTON #1,5,0,326,,,,,,
,0054 WINSTON #2,4,0,327,,,,,,
,0055 DILLARD,7,0,175,,,,,,
,0056 MELROSE,14,0,584,,,,,,
,0057 LOOKINGGLASS,15,0,315,,,,,,
,0058 OLALLA,6,0,274,,,,,,
,0059 CAMAS VALLEY,6,0,141,,,,,,
,0060 MYRTLE CREEK #1,13,0,206,,,,,,
,0061 MYRTLE CREEK #2,6,0,252,,,,,,
,0062 MYRTLE CREEK COUNTY,17,0,384,,,,,,
,0063 TRI CITY,15,0,479,,,,,,
,0064 RIDDLE CITY,3,0,115,,,,,,
,0065 RIDDLE COUNTY EAST,4,0,143,,,,,,
,0066 CANYONVILLE CITY,6,0,258,,,,,,
,0067 CANYONVILLE COUNTY,3,0,152,,,,,,
,0068 DAYS CREEK,0,0,124,,,,,,
,0069 TILLER,2,0,92,,,,,,
,0070 GLENDALE/AZALEA,11,0,288,,,,,,
,0071 GLENDALE CITY,1,0,73,,,,,,
,0072 GLENDALE COUNY,0,0,7,,,,,,
,TOTAL,464,0,17669,,,,,,
"State Senator, 1st District (REP)",Precinct,Jeff Kruse,WI,OV,UV,,,,,
,0020 MELROSE SOUTH,277,1,0,71,,,,,
,0026 CLARKS BRANCH,12,0,0,3,,,,,
,0027 DIXONVILLE,216,1,0,56,,,,,
,0028 MILL EAST,66,2,0,25,,,,,
,0029 WINCHESTER,498,5,0,102,,,,,
,0030 NEWTON CREEK,223,2,0,42,,,,,
,0031 MEADOWDALE,151,0,0,31,,,,,
,0032 RIDDLE COUNTY WEST,23,0,0,7,,,,,
,0033 SWEETBRIER,136,2,0,41,,,,,
,0034 CHARTER OAKS,161,1,0,30,,,,,
,0035 RIVERSDALE,423,1,0,85,,,,,
,0036 HUCREST,540,1,0,113,,,,,
,0037 KEASEY,408,9,0,87,,,,,
,0038 EDENBOWER,235,2,0,53,,,,,
,0039 DEER CREEK,139,0,0,47,,,,,
,0040 BENSON,166,0,0,30,,,,,
,0041 HAWTHORNE,227,1,0,44,,,,,
,0042 HERMANN,128,2,0,38,,,,,
,0043 LANE,117,2,0,30,,,,,
,0044 LAURELWOOD,107,2,0,31,,,,,
,0045 FAIRHAVEN,77,1,0,19,,,,,
,0046 BROWN,305,3,0,69,,,,,
,0047 ORCHARD,179,1,0,41,,,,,
,0048 WEST PARK,76,0,0,27,,,,,
,0049 PARROTT,194,2,0,53,,,,,
,0050 HAPPY VALLEY,645,2,0,181,,,,,
,0051 GREEN,199,0,0,39,,,,,
,0052 CIVIL BEND,128,0,0,29,,,,,
,0053 WINSTON #1,260,2,0,69,,,,,
,0054 WINSTON #2,263,1,0,67,,,,,
,0055 DILLARD,133,0,0,49,,,,,
,0057 LOOKINGGLASS,260,3,0,67,,,,,
,0058 OLALLA,209,1,0,70,,,,,
,0059 CAMAS VALLEY,122,0,0,25,,,,,
,0060 MYRTLE CREEK #1,178,3,0,38,,,,,
,0061 MYRTLE CREEK #2,214,2,0,42,,,,,
,0062 MYRTLE CREEK COUNTY,323,4,0,74,,,,,
,0063 TRI CITY,393,2,0,99,,,,,
,0064 RIDDLE CITY,87,0,0,31,,,,,
,0065 RIDDLE COUNTY EAST,104,2,0,41,,,,,
,0066 CANYONVILLE CITY,202,2,0,60,,,,,
,0067 CANYONVILLE COUNTY,109,0,0,46,,,,,
,0068 DAYS CREEK,102,1,0,21,,,,,
,0070 GLENDALE/AZALEA,202,0,0,97,,,,,
,0071 GLENDALE CITY,61,2,0,11,,,,,
,0072 GLENDALE COUNY,6,0,0,1,,,,,
,TOTAL,9284,68,0,2332,,,,,
"State Senator, 5th District (REP)",Precinct,WI,OV,UV,,,,,,
,0001 GARDINER,1,0,67,,,,,,
,0003 PIONEER,1,0,166,,,,,,
,0004 HIGHLAND,1,0,155,,,,,,
,0005 FOREST HILLS,6,0,226,,,,,,
,0006 DEANS CREEK,1,0,63,,,,,,
,0007 WINCHESTER BAY,0,0,79,,,,,,
,TOTAL,10,0,756,,,,,,
"State Representative, 1st District (REP)",Precinct,Wayne Krieger,WI,OV,UV,,,,,
,0020 MELROSE SOUTH,223,4,0,122,,,,,
,0026 CLARKS BRANCH,6,0,0,9,,,,,
,0032 RIDDLE COUNTY WEST,20,0,0,10,,,,,
,0034 CHARTER OAKS,140,0,0,52,,,,,
,0051 GREEN,171,2,0,65,,,,,
,0052 CIVIL BEND,108,0,0,49,,,,,
,0053 WINSTON #1,225,3,0,103,,,,,
,0054 WINSTON #2,220,0,0,111,,,,,
,0055 DILLARD,110,1,0,71,,,,,
,0057 LOOKINGGLASS,207,0,0,123,,,,,
,0058 OLALLA,186,2,0,92,,,,,
,0059 CAMAS VALLEY,103,0,0,44,,,,,
,0072 GLENDALE COUNY,6,0,0,1,,,,,
,TOTAL,1725,12,0,852,,,,,
"State Representative, 2nd District (REP)",Precinct,Tim J. Freeman,Jim Fox,WI,OV,UV,,,,
,0027 DIXONVILLE,123,114,1,0,35,,,,
,0028 MILL EAST,40,40,0,0,13,,,,
,0029 WINCHESTER,270,285,3,0,47,,,,
,0030 NEWTON CREEK,145,111,1,0,10,,,,
,0031 MEADOWDALE,71,93,1,0,17,,,,
,0033 SWEETBRIER,86,79,0,0,14,,,,
,0035 RIVERSDALE,254,218,2,0,35,,,,
,0036 HUCREST,384,224,0,0,46,,,,
,0037 KEASEY,259,199,1,0,45,,,,
,0038 EDENBOWER,138,113,1,0,38,,,,
,0039 DEER CREEK,81,80,1,0,24,,,,
,0040 BENSON,106,75,0,0,15,,,,
,0041 HAWTHORNE,135,124,0,0,13,,,,
,0042 HERMANN,75,75,0,0,18,,,,
,0043 LANE,74,53,2,0,20,,,,
,0044 LAURELWOOD,71,55,2,0,12,,,,
,0045 FAIRHAVEN,60,29,1,0,7,,,,
,0046 BROWN,201,146,1,0,29,,,,
,0047 ORCHARD,120,85,2,0,14,,,,
,0048 WEST PARK,58,31,0,0,14,,,,
,0049 PARROTT,127,103,2,0,17,,,,
,0050 HAPPY VALLEY,444,324,1,1,58,,,,
,0060 MYRTLE CREEK #1,131,72,0,0,16,,,,
,0061 MYRTLE CREEK #2,144,103,0,1,10,,,,
,0062 MYRTLE CREEK COUNTY,227,132,2,0,40,,,,
,0063 TRI CITY,257,191,3,0,43,,,,
,0064 RIDDLE CITY,83,26,0,0,9,,,,
,0065 RIDDLE COUNTY EAST,60,62,1,0,24,,,,
,0066 CANYONVILLE CITY,154,83,1,0,26,,,,
,0067 CANYONVILLE COUNTY,91,47,0,0,17,,,,
,0068 DAYS CREEK,80,35,0,0,9,,,,
,0070 GLENDALE/AZALEA,155,82,0,0,62,,,,
,0071 GLENDALE CITY,54,15,0,0,5,,,,
,TOTAL,4758,3504,29,2,802,,,,
"State Representative, 7th District (REP)",Precinct,Bruce Hanna,WI,OV,UV,,,,,
,0002 SMITH RIVER,11,0,0,5,,,,,
,0008 LOON LAKE,6,0,0,8,,,,,
,0009 EAST ELKTON,184,0,0,56,,,,,
,0010 ELKTON CITY,14,0,0,14,,,,,
,0011 DRAIN CITY,105,2,0,33,,,,,
,0012 NORTH DRAIN COUNTY,157,0,0,52,,,,,
,0013 YONCALLA COUNTY,261,1,0,76,,,,,
,0014 YONCALLA CITY,106,1,0,47,,,,,
,0015 OAKLAND CITY,95,2,0,26,,,,,
,0016 NORTH CALAPOOIA,251,0,0,109,,,,,
,0017 SUTHERLIN EAST,609,4,0,171,,,,,
,0018 SUTHERLIN WEST,298,3,0,117,,,,,
,0019 FAIR OAKS,276,0,0,80,,,,,
,0021 WILBUR,248,1,0,72,,,,,
,0022 COLES VALLEY,164,0,0,56,,,,,
,0023 GARDEN VALLEY,306,1,0,85,,,,,
,0024 LITTLE RIVER,412,0,0,131,,,,,
,0025 GLIDE,232,1,0,102,,,,,
,0056 MELROSE,435,3,0,160,,,,,
,0069 TILLER,62,0,0,32,,,,,
,TOTAL,4232,19,,1432,,,,,
"State Representative, 9th District (REP)",Precinct,Al Pearn,WI,OV,UV,,,,,
,0001 GARDINER,41,1,0,26,,,,,
,0003 PIONEER,114,0,0,53,,,,,
,0004 HIGHLAND,109,2,0,45,,,,,
,0005 FOREST HILLS,163,4,0,65,,,,,
,0006 DEANS CREEK,52,1,0,11,,,,,
,0007 WINCHESTER BAY,52,0,0,27,,,,,
,TOTAL,531,8,0,227,,,,,